"","sr_group","ag1","ag2","fc","fc_lower","fc_upper"
"1","delta conv.","D614G","D614G",0,-0.956634539944609,0.992923842353035
"2","delta conv.","D614G","BA.1",-5.94219495633095,-29.3296380097847,-1.28385960356872
"3","delta conv.","D614G","BA.5.3.2",-1.81944551750061,-5.25637423850311,1.11112109725251
"4","delta conv.","D614G","B.1.1.7",-0.173301131826032,-1.31369413521238,0.857129313937361
"5","delta conv.","D614G","B.1.351",-1.06895118236203,-3.77931024558525,1.68390272001363
"6","delta conv.","D614G","B.1.617.2",2.18946974985769,-0.202883048457385,5.18808201342353
"7","delta conv.","D614G","BA.2",-1.70737146208615,-4.0471816077718,0.644944449990204
"8","delta conv.","D614G","CB.1",-5.98007565899441,-19.4586486620437,-2.66225016918552
"9","delta conv.","D614G","BR.3",-4.17981968658595,-7.64791181781514,-1.77241654263464
"10","delta conv.","D614G","CH.1.1",-5.94322944274788,-27.8802382707905,-1.45266035280488
"11","delta conv.","D614G","BA.5.2.1",-1.24745904976384,-2.93281244059494,0.651620236090988
"12","delta conv.","D614G","BE.1.1",-4.19404978629643,-12.4203164964156,-0.615447584944758
"13","delta conv.","D614G","BF.7",-3.08996197069469,-7.9555946885636,-0.219382116731373
"14","delta conv.","D614G","BQ.1.3",-3.58984407531219,-9.1497231416398,-0.0480470495146399
"15","delta conv.","D614G","BQ.1.1",-4.71732466559379,-12.0529557136482,-1.74533664878129
"16","delta conv.","D614G","BQ.1.18",-11.3631029974241,-201.325896981351,-7.01662100925459
"17","delta conv.","D614G","XBB.1",-3.86177728026535,-7.27448388381319,-1.5086545656164
"18","delta conv.","D614G","XBB.1.5",-3.83753921291495,-8.54791809846711,-0.695906830671881
"19","delta conv.","D614G","XBF",-5.9301725673359,-29.2349384621536,-0.726796087553659
"20","delta conv.","BA.1","D614G",5.94219495633095,1.34246963268521,27.5146936500963
"21","delta conv.","BA.1","BA.1",0,-12.7619678541415,11.4230567997065
"22","delta conv.","BA.1","BA.5.3.2",4.33575745342326,-1.20979811467697,25.1003775084147
"23","delta conv.","BA.1","B.1.1.7",5.5850310161244,1.51868629897504,25.5252334222374
"24","delta conv.","BA.1","B.1.351",5.54363170937711,-0.302767671905825,33.2120423855826
"25","delta conv.","BA.1","B.1.617.2",7.45921646042214,4.79512925799682,18.7111752137937
"26","delta conv.","BA.1","BA.2",3.48866750268962,-0.394892328348778,27.2318382132895
"27","delta conv.","BA.1","CB.1",0.0625160915456266,-42.4631794648922,46.3929032695655
"28","delta conv.","BA.1","BR.3",1.53108624195996,-4.14929985964971,16.706123367941
"29","delta conv.","BA.1","CH.1.1",-0.0231475520079571,-13.4395279906674,12.7809751552205
"30","delta conv.","BA.1","BA.5.2.1",4.41412596768418,0.846024749806961,24.0292077904931
"31","delta conv.","BA.1","BE.1.1",2.38290661276584,-4.98704446536927,16.8533286342177
"32","delta conv.","BA.1","BF.7",2.86802097705433,-3.20310889845982,22.3489441003056
"33","delta conv.","BA.1","BQ.1.3",2.65950828448581,-1.68955026071948,15.2271834786129
"34","delta conv.","BA.1","BQ.1.1",1.11530634099586,-6.17996800570035,16.6175563909647
"35","delta conv.","BA.1","BQ.1.18",-5.86330207229723,-198.815065414629,4.01101730928742
"36","delta conv.","BA.1","XBB.1",1.8856869316222,-3.58873311449625,18.0024407981615
"37","delta conv.","BA.1","XBB.1.5",2.83841869888415,-1.57325876753494,14.332681936074
"38","delta conv.","BA.1","XBF",0.553482963684705,-11.8220533133172,12.2876062665511
"39","delta conv.","BA.5.3.2","D614G",1.81944551750061,-1.12209222642108,5.33068255395885
"40","delta conv.","BA.5.3.2","BA.1",-4.33575745342326,-26.1382922381427,1.10165273641681
"41","delta conv.","BA.5.3.2","BA.5.3.2",0,-1.43789779884558,1.43098871775018
"42","delta conv.","BA.5.3.2","B.1.1.7",1.6426594894514,-1.31148096972066,5.02416698764058
"43","delta conv.","BA.5.3.2","B.1.351",0.837863004247799,-0.922077988425036,3.02889666006819
"44","delta conv.","BA.5.3.2","B.1.617.2",3.73675829859836,1.14898878452117,7.69356383671244
"45","delta conv.","BA.5.3.2","BA.2",0.157225103980214,-2.36147032544463,2.96770867024581
"46","delta conv.","BA.5.3.2","CB.1",-4.75935460964171,-82.8449973174494,8.57748576372179
"47","delta conv.","BA.5.3.2","BR.3",-2.29135122194012,-9.388288514611,3.53710824362172
"48","delta conv.","BA.5.3.2","CH.1.1",-4.34082295185298,-23.3016806010164,0.609535592739914
"49","delta conv.","BA.5.3.2","BA.5.2.1",0.514228303983407,-1.13656708356422,2.64111119286748
"50","delta conv.","BA.5.3.2","BE.1.1",-2.35763278856089,-8.4561222578817,1.01888948927789
"51","delta conv.","BA.5.3.2","BF.7",-1.29120003008361,-3.70381882994256,0.557338535112419
"52","delta conv.","BA.5.3.2","BQ.1.3",-1.83885016032107,-6.5168208374457,1.92987597153798
"53","delta conv.","BA.5.3.2","BQ.1.1",-3.06714476472375,-23.3953877226339,6.46723168620645
"54","delta conv.","BA.5.3.2","BQ.1.18",-10.2974755476444,-202.443594885364,-3.38133979734338
"55","delta conv.","BA.5.3.2","XBB.1",-2.04299311407203,-9.7296918480302,3.36606963199753
"56","delta conv.","BA.5.3.2","XBB.1.5",-1.77000575409558,-8.95720865597214,3.64713376850437
"57","delta conv.","BA.5.3.2","XBF",-4.22992326348729,-25.6663215241862,0.910911429624988
"58","alpha/alpha+E484K conv.","D614G","D614G",0,-0.328765093096146,0.351025434168942
"59","alpha/alpha+E484K conv.","D614G","BA.1",-9.74185184782884,-201.651019131461,-5.89632360870295
"60","alpha/alpha+E484K conv.","D614G","BA.5.3.2",-2.04118812410684,-4.42034142578933,-0.580469018428781
"61","alpha/alpha+E484K conv.","D614G","B.1.1.7",1.85367729829058,1.07545637789724,2.62863093770951
"62","alpha/alpha+E484K conv.","D614G","B.1.351",0.881149838481475,-0.367799904423951,2.11806312160042
"63","alpha/alpha+E484K conv.","D614G","B.1.617.2",-0.440611057203383,-1.28013661036148,0.308493758103637
"64","alpha/alpha+E484K conv.","D614G","BA.2",-2.01898835209952,-3.4756709753315,-1.00924565999397
"65","alpha/alpha+E484K conv.","D614G","CB.1",-4.52139407831866,-20.5521812440944,-2.54131433942496
"66","alpha/alpha+E484K conv.","D614G","BR.3",-9.74185184782884,-194.861620664296,-5.57416819273013
"67","alpha/alpha+E484K conv.","D614G","CH.1.1",-2.99415437247583,-6.47803040195206,-1.29010312451043
"68","alpha/alpha+E484K conv.","D614G","BA.5.2.1",-1.32102941445004,-3.51452686997114,0.166602201986466
"69","alpha/alpha+E484K conv.","D614G","BE.1.1",-2.20991678713078,-4.78946679855835,-0.689236380871214
"70","alpha/alpha+E484K conv.","D614G","BF.7",-2.61767370005241,-5.23976973614399,-1.30751583396609
"71","alpha/alpha+E484K conv.","D614G","BQ.1.3",-3.80912899815433,-12.9420383251653,-1.76995706504252
"72","alpha/alpha+E484K conv.","D614G","BQ.1.1",-4.25145907875242,-14.6525861393144,-1.84708881524214
"73","alpha/alpha+E484K conv.","D614G","BQ.1.18",-3.83375932734072,-15.4296392503329,-1.37980180242713
"74","alpha/alpha+E484K conv.","D614G","XBB.1",-2.24450970233135,-4.40683020862059,-0.814059928325856
"75","alpha/alpha+E484K conv.","D614G","XBB.1.5",-2.27017189361307,-4.77976759461507,-1.04204893542121
"76","alpha/alpha+E484K conv.","D614G","XBF",-9.74185184782884,-203.931965605232,-5.31516473335093
"77","alpha/alpha+E484K conv.","BA.1","D614G",9.74185184780952,4.60766404239814,200.196015544772
"78","alpha/alpha+E484K conv.","BA.1","BA.1",0,-200.049967809909,194.465818253472
"79","alpha/alpha+E484K conv.","BA.1","BA.5.3.2",9.4917989196303,4.81372381346179,198.767260554475
"80","alpha/alpha+E484K conv.","BA.1","B.1.1.7",11.1295317052965,7.25227584135332,200.907396428618
"81","alpha/alpha+E484K conv.","BA.1","B.1.351",10.4643168494717,6.98694123691046,198.431804256171
"82","alpha/alpha+E484K conv.","BA.1","B.1.617.2",9.01796070258644,5.17119460526304,197.03216973273
"83","alpha/alpha+E484K conv.","BA.1","BA.2",8.30114268968943,4.2025350785542,201.560086566104
"84","alpha/alpha+E484K conv.","BA.1","CB.1",6.19016883544308,-2.87966921593737,198.617304905497
"85","alpha/alpha+E484K conv.","BA.1","BR.3",0,-195.054103763591,202.723141772641
"86","alpha/alpha+E484K conv.","BA.1","CH.1.1",6.95937688981782,2.7814258510175,203.589598801403
"87","alpha/alpha+E484K conv.","BA.1","BA.5.2.1",10.2401302487559,4.96956999467987,198.978910903648
"88","alpha/alpha+E484K conv.","BA.1","BE.1.1",9.18559548480933,3.72255510568885,199.052387522526
"89","alpha/alpha+E484K conv.","BA.1","BF.7",7.97921547937254,3.17940327113008,199.712184083013
"90","alpha/alpha+E484K conv.","BA.1","BQ.1.3",7.48240863657661,-0.275140578252772,197.764576315583
"91","alpha/alpha+E484K conv.","BA.1","BQ.1.1",6.34204289345189,0.0708858665288403,201.801632531719
"92","alpha/alpha+E484K conv.","BA.1","BQ.1.18",8.6100707508289,2.32214399326224,197.743892438682
"93","alpha/alpha+E484K conv.","BA.1","XBB.1",7.19452314137984,3.15302567434367,198.968238504601
"94","alpha/alpha+E484K conv.","BA.1","XBB.1.5",8.60203985523886,4.44320995016421,197.517730675404
"95","alpha/alpha+E484K conv.","BA.1","XBF",0,-199.360874696926,191.416763555164
"96","alpha/alpha+E484K conv.","BA.5.3.2","D614G",2.04118812410684,0.573806434562327,4.43247849062629
"97","alpha/alpha+E484K conv.","BA.5.3.2","BA.1",-9.4917989196303,-200.943214014339,-5.1124503026231
"98","alpha/alpha+E484K conv.","BA.5.3.2","BA.5.3.2",0,-1.01928493768261,1.01008103692345
"99","alpha/alpha+E484K conv.","BA.5.3.2","B.1.1.7",3.77941951455339,2.3882582714376,6.10981580317802
"100","alpha/alpha+E484K conv.","BA.5.3.2","B.1.351",2.88098782282232,1.3364168828902,5.2897557058053
"101","alpha/alpha+E484K conv.","BA.5.3.2","B.1.617.2",1.38261992955182,0.0347087171332391,3.451206270787
"102","alpha/alpha+E484K conv.","BA.5.3.2","BA.2",-0.379854170469125,-1.613141829624,1.09789260099981
"103","alpha/alpha+E484K conv.","BA.5.3.2","CB.1",-4.19050763431681,-30.7841948723768,1.0788954930628
"104","alpha/alpha+E484K conv.","BA.5.3.2","BR.3",-9.4917989196303,-198.117458288369,-4.03144580695646
"105","alpha/alpha+E484K conv.","BA.5.3.2","CH.1.1",-1.50341684852393,-7.7098004113623,3.31993388790352
"106","alpha/alpha+E484K conv.","BA.5.3.2","BA.5.2.1",0.775638568250377,-0.24161289443134,1.97090322999774
"107","alpha/alpha+E484K conv.","BA.5.3.2","BE.1.1",-0.417883102825096,-1.92821069910883,1.12680566084063
"108","alpha/alpha+E484K conv.","BA.5.3.2","BF.7",-1.04444640562993,-2.99070912802518,0.51886212295847
"109","alpha/alpha+E484K conv.","BA.5.3.2","BQ.1.3",-2.71694381089629,-14.4425464426774,2.22651251586604
"110","alpha/alpha+E484K conv.","BA.5.3.2","BQ.1.1",-3.08044431496563,-19.2449542918369,2.17896929059801
"111","alpha/alpha+E484K conv.","BA.5.3.2","BQ.1.18",-1.69105651373723,-6.86699914889716,0.306221625572106
"112","alpha/alpha+E484K conv.","BA.5.3.2","XBB.1",-0.27664207867875,-4.99490175577191,5.17052907535702
"113","alpha/alpha+E484K conv.","BA.5.3.2","XBB.1.5",-0.708632457881444,-3.41593170178139,1.59292335067709
"114","alpha/alpha+E484K conv.","BA.5.3.2","XBF",-9.4917989196303,-197.56980273087,-5.4712480560158
"115","beta conv.","D614G","D614G",0,-1.02007320405452,0.986646054829426
"116","beta conv.","D614G","BA.1",-5.34058707193243,-28.6181688080569,-0.729129049989381
"117","beta conv.","D614G","BA.5.3.2",-3.95204706926015,-19.6610558790546,1.88368626484631
"118","beta conv.","D614G","B.1.1.7",-0.0379933732150006,-2.19260524106156,2.11631343145414
"119","beta conv.","D614G","B.1.351",2.97052439928882,1.43144281066337,4.88598022980991
"120","beta conv.","D614G","B.1.617.2",-2.23213385077491,-6.21080228607175,0.197196207415376
"121","beta conv.","D614G","BA.2",-2.57035738117457,-6.36042136702559,0.678744825541046
"122","beta conv.","D614G","CB.1",-10.5331159021451,-202.302359542952,-4.93133752757038
"123","beta conv.","D614G","BR.3",-10.5331159021451,-203.508097373605,-4.19452649093896
"124","beta conv.","D614G","CH.1.1",-10.5331159021451,-204.631290843581,-4.74295578065858
"125","beta conv.","D614G","BA.5.2.1",-2.05235715680091,-10.0345339947285,6.53553490381379
"126","beta conv.","D614G","BE.1.1",-1.3368795004251,-7.53593869879621,8.65372973166772
"127","beta conv.","D614G","BF.7",-10.5331159021451,-203.428384395937,-2.43267290850106
"128","beta conv.","D614G","BQ.1.3",-4.19863492872824,-21.7791196791657,5.95755337290896
"129","beta conv.","D614G","BQ.1.1",-4.15957512581874,-80.976695714875,31.4646180529599
"130","beta conv.","D614G","BQ.1.18",-4.1320479277296,-75.6516905031398,35.3616915027413
"131","beta conv.","D614G","XBB.1",-3.57939604140296,-28.519761177003,9.34062809624374
"132","beta conv.","D614G","XBB.1.5",-3.56950899424373,-27.1466883527869,8.63962282378533
"133","beta conv.","D614G","XBF",-10.5331159021451,-202.045857894011,-5.18130866432179
"134","beta conv.","BA.1","D614G",5.34058707193243,0.612583276185065,28.2903774177893
"135","beta conv.","BA.1","BA.1",0,-12.5148883458651,12.722569783628
"136","beta conv.","BA.1","BA.5.3.2",2.85705407502241,-4.00223349817258,15.3314444887115
"137","beta conv.","BA.1","B.1.1.7",5.26003390483065,2.52558908590533,20.2800651556363
"138","beta conv.","BA.1","B.1.351",7.47352773108829,5.02961905888575,23.7531430913303
"139","beta conv.","BA.1","B.1.617.2",3.76560041488373,-2.05466171936312,23.2858343293132
"140","beta conv.","BA.1","BA.2",2.36680062916584,-0.552012108723036,16.0363636420646
"141","beta conv.","BA.1","CB.1",-6.43309238971784,-204.666510926044,2.00295319053905
"142","beta conv.","BA.1","BR.3",-6.43309238971784,-202.753202189949,1.56667151450803
"143","beta conv.","BA.1","CH.1.1",-6.43309238971784,-202.77609668057,2.27365710229717
"144","beta conv.","BA.1","BA.5.2.1",3.2147570779021,-3.36033341908365,14.9565235083354
"145","beta conv.","BA.1","BE.1.1",1.89593114177404,-2.33016792327694,14.5488869958083
"146","beta conv.","BA.1","BF.7",-6.43309238971784,-201.24593141086,3.27128974158932
"147","beta conv.","BA.1","BQ.1.3",0.447893720489412,-11.1861287515453,13.9763904819979
"148","beta conv.","BA.1","BQ.1.1",-0.303190716703946,-49.1191930880401,39.558294313355
"149","beta conv.","BA.1","BQ.1.18",-0.210727831206565,-45.1556214535322,40.3824760181384
"150","beta conv.","BA.1","XBB.1",1.92709031335604,-12.4933549308148,15.1946599891597
"151","beta conv.","BA.1","XBB.1.5",1.95059721581571,-10.9132081584342,13.3021654949611
"152","beta conv.","BA.1","XBF",-6.43309238971784,-205.192552290733,1.39225160334569
"153","beta conv.","BA.5.3.2","D614G",3.95204706926015,-1.4199391938904,18.6955158744394
"154","beta conv.","BA.5.3.2","BA.1",-2.85705407502241,-15.2708285513871,3.32235850146555
"155","beta conv.","BA.5.3.2","BA.5.3.2",0,-4.48184828627965,3.99346253558337
"156","beta conv.","BA.5.3.2","B.1.1.7",3.51369390473673,0.144436969699381,12.5509197204786
"157","beta conv.","BA.5.3.2","B.1.351",6.27739237642875,3.16947030887593,16.9375655584576
"158","beta conv.","BA.5.3.2","B.1.617.2",1.6370906508725,-11.9570950216457,21.9689990551522
"159","beta conv.","BA.5.3.2","BA.2",0.616013112273581,-2.44357066210241,6.98307456113514
"160","beta conv.","BA.5.3.2","CB.1",-9.02321633708031,-202.833364996794,-0.131791627313451
"161","beta conv.","BA.5.3.2","BR.3",-9.02321633708031,-201.500942628057,-0.673267840849157
"162","beta conv.","BA.5.3.2","CH.1.1",-9.02321633708031,-203.308752340929,0.463751601196506
"163","beta conv.","BA.5.3.2","BA.5.2.1",0.963876272519029,-5.72318749614235,14.8460634736988
"164","beta conv.","BA.5.3.2","BE.1.1",0.790938837940313,-5.35084334134666,20.0341585180468
"165","beta conv.","BA.5.3.2","BF.7",-9.02321633708031,-206.828292170973,0.357883313645878
"166","beta conv.","BA.5.3.2","BQ.1.3",-2.30853657209882,-15.3513713762415,9.85002263522812
"167","beta conv.","BA.5.3.2","BQ.1.1",-1.68054177118564,-57.430011614314,56.1078015453274
"168","beta conv.","BA.5.3.2","BQ.1.18",-1.58807490982685,-56.8654640437062,55.3316908690052
"169","beta conv.","BA.5.3.2","XBB.1",-0.829306299670791,-13.244529675611,11.2982612140991
"170","beta conv.","BA.5.3.2","XBB.1.5",-0.805804146047065,-13.8029676006396,11.844077607477
"171","beta conv.","BA.5.3.2","XBF",-9.02321633708031,-203.957515592224,-0.42439310347585
"172","mRNA1273/mRNA1273","D614G","D614G",0,-0.325852066892315,0.334209497269806
"173","mRNA1273/mRNA1273","D614G","BA.1",-7.62479588422421,-22.5957603795325,-5.70522623888477
"174","mRNA1273/mRNA1273","D614G","BA.5.3.2",-4.40490799492297,-5.27602965178518,-3.62166448720286
"175","mRNA1273/mRNA1273","D614G","B.1.1.7",-1.00509634660529,-1.76694879073187,-0.289594383179393
"176","mRNA1273/mRNA1273","D614G","B.1.351",-2.02839016010816,-2.789194649047,-1.2662236293694
"177","mRNA1273/mRNA1273","D614G","B.1.617.2",-1.73959898911378,-2.36671548235143,-1.10719473234138
"178","mRNA1273/mRNA1273","D614G","BA.2",-3.33003369016559,-4.8403276055853,-2.08003012618594
"179","mRNA1273/mRNA1273","D614G","CB.1",NA,NA,NA
"180","mRNA1273/mRNA1273","D614G","BR.3",NA,NA,NA
"181","mRNA1273/mRNA1273","D614G","CH.1.1",NA,NA,NA
"182","mRNA1273/mRNA1273","D614G","BA.5.2.1",NA,NA,NA
"183","mRNA1273/mRNA1273","D614G","BE.1.1",NA,NA,NA
"184","mRNA1273/mRNA1273","D614G","BF.7",NA,NA,NA
"185","mRNA1273/mRNA1273","D614G","BQ.1.3",NA,NA,NA
"186","mRNA1273/mRNA1273","D614G","BQ.1.1",NA,NA,NA
"187","mRNA1273/mRNA1273","D614G","BQ.1.18",NA,NA,NA
"188","mRNA1273/mRNA1273","D614G","XBB.1",NA,NA,NA
"189","mRNA1273/mRNA1273","D614G","XBB.1.5",NA,NA,NA
"190","mRNA1273/mRNA1273","D614G","XBF",NA,NA,NA
"191","mRNA1273/mRNA1273","BA.1","D614G",7.62479588422421,5.77680656238426,22.8953149875307
"192","mRNA1273/mRNA1273","BA.1","BA.1",0,-11.9146190352207,12.1659350978316
"193","mRNA1273/mRNA1273","BA.1","BA.5.3.2",3.36263282678756,1.44248150603418,17.5604714210329
"194","mRNA1273/mRNA1273","BA.1","B.1.1.7",6.74596210261813,4.78954916718933,25.7410885411289
"195","mRNA1273/mRNA1273","BA.1","B.1.351",5.84744552396401,3.83774137424812,24.0112944691991
"196","mRNA1273/mRNA1273","BA.1","B.1.617.2",6.26039707777921,4.16367445140641,24.4975915147632
"197","mRNA1273/mRNA1273","BA.1","BA.2",4.91157634265173,2.51614512601588,25.8516347781795
"198","mRNA1273/mRNA1273","BA.1","CB.1",NA,NA,NA
"199","mRNA1273/mRNA1273","BA.1","BR.3",NA,NA,NA
"200","mRNA1273/mRNA1273","BA.1","CH.1.1",NA,NA,NA
"201","mRNA1273/mRNA1273","BA.1","BA.5.2.1",NA,NA,NA
"202","mRNA1273/mRNA1273","BA.1","BE.1.1",NA,NA,NA
"203","mRNA1273/mRNA1273","BA.1","BF.7",NA,NA,NA
"204","mRNA1273/mRNA1273","BA.1","BQ.1.3",NA,NA,NA
"205","mRNA1273/mRNA1273","BA.1","BQ.1.1",NA,NA,NA
"206","mRNA1273/mRNA1273","BA.1","BQ.1.18",NA,NA,NA
"207","mRNA1273/mRNA1273","BA.1","XBB.1",NA,NA,NA
"208","mRNA1273/mRNA1273","BA.1","XBB.1.5",NA,NA,NA
"209","mRNA1273/mRNA1273","BA.1","XBF",NA,NA,NA
"210","mRNA1273/mRNA1273","BA.5.3.2","D614G",4.40490799492297,3.62334931373707,5.25292407577621
"211","mRNA1273/mRNA1273","BA.5.3.2","BA.1",-3.36263282678756,-20.6119470152531,-1.30824789932372
"212","mRNA1273/mRNA1273","BA.5.3.2","BA.5.3.2",0,-0.483487502380646,0.479514303067417
"213","mRNA1273/mRNA1273","BA.5.3.2","B.1.1.7",3.45824695202374,2.53171558666924,4.52725565372741
"214","mRNA1273/mRNA1273","BA.5.3.2","B.1.351",2.35401628718023,1.75328692262968,3.03959701063366
"215","mRNA1273/mRNA1273","BA.5.3.2","B.1.617.2",2.80127253768253,1.72786459388352,4.0167979142595
"216","mRNA1273/mRNA1273","BA.5.3.2","BA.2",1.30843689657477,0.0845628549029883,2.3701250408136
"217","mRNA1273/mRNA1273","BA.5.3.2","CB.1",NA,NA,NA
"218","mRNA1273/mRNA1273","BA.5.3.2","BR.3",NA,NA,NA
"219","mRNA1273/mRNA1273","BA.5.3.2","CH.1.1",NA,NA,NA
"220","mRNA1273/mRNA1273","BA.5.3.2","BA.5.2.1",NA,NA,NA
"221","mRNA1273/mRNA1273","BA.5.3.2","BE.1.1",NA,NA,NA
"222","mRNA1273/mRNA1273","BA.5.3.2","BF.7",NA,NA,NA
"223","mRNA1273/mRNA1273","BA.5.3.2","BQ.1.3",NA,NA,NA
"224","mRNA1273/mRNA1273","BA.5.3.2","BQ.1.1",NA,NA,NA
"225","mRNA1273/mRNA1273","BA.5.3.2","BQ.1.18",NA,NA,NA
"226","mRNA1273/mRNA1273","BA.5.3.2","XBB.1",NA,NA,NA
"227","mRNA1273/mRNA1273","BA.5.3.2","XBB.1.5",NA,NA,NA
"228","mRNA1273/mRNA1273","BA.5.3.2","XBF",NA,NA,NA
"229","AZ/AZ","D614G","D614G",0,-0.334748852491302,0.347561002940881
"230","AZ/AZ","D614G","BA.1",-11.3599459961398,-201.162327752509,-7.03662362286759
"231","AZ/AZ","D614G","BA.5.3.2",-5.55558506190731,-16.8685305931437,-3.06840718958334
"232","AZ/AZ","D614G","B.1.1.7",-0.307858350985373,-0.889426803547477,0.26876753612006
"233","AZ/AZ","D614G","B.1.351",-1.04342238014356,-2.06640943757473,-0.0975967506029774
"234","AZ/AZ","D614G","B.1.617.2",-0.65996120819136,-1.57336533272787,0.243431373565195
"235","AZ/AZ","D614G","BA.2",-3.07976803819371,-5.36705772403099,-1.46633709172593
"236","AZ/AZ","D614G","CB.1",NA,NA,NA
"237","AZ/AZ","D614G","BR.3",NA,NA,NA
"238","AZ/AZ","D614G","CH.1.1",NA,NA,NA
"239","AZ/AZ","D614G","BA.5.2.1",NA,NA,NA
"240","AZ/AZ","D614G","BE.1.1",NA,NA,NA
"241","AZ/AZ","D614G","BF.7",NA,NA,NA
"242","AZ/AZ","D614G","BQ.1.3",NA,NA,NA
"243","AZ/AZ","D614G","BQ.1.1",NA,NA,NA
"244","AZ/AZ","D614G","BQ.1.18",NA,NA,NA
"245","AZ/AZ","D614G","XBB.1",NA,NA,NA
"246","AZ/AZ","D614G","XBB.1.5",NA,NA,NA
"247","AZ/AZ","D614G","XBF",NA,NA,NA
"248","AZ/AZ","BA.1","D614G",11.3599459961398,7.21489816893735,201.002896571354
"249","AZ/AZ","BA.1","BA.1",0,-190.958482908642,200.571333663033
"250","AZ/AZ","BA.1","BA.5.3.2",6.60780591167841,0.927359425593373,200.30686642177
"251","AZ/AZ","BA.1","B.1.1.7",11.3375168864006,6.86098257316465,197.030546412909
"252","AZ/AZ","BA.1","B.1.351",9.99793244242165,5.88325718027385,200.644102373817
"253","AZ/AZ","BA.1","B.1.617.2",9.95267028816231,5.63074034021945,202.65724413146
"254","AZ/AZ","BA.1","BA.2",8.80340683593725,4.49707574334916,196.012608219355
"255","AZ/AZ","BA.1","CB.1",NA,NA,NA
"256","AZ/AZ","BA.1","BR.3",NA,NA,NA
"257","AZ/AZ","BA.1","CH.1.1",NA,NA,NA
"258","AZ/AZ","BA.1","BA.5.2.1",NA,NA,NA
"259","AZ/AZ","BA.1","BE.1.1",NA,NA,NA
"260","AZ/AZ","BA.1","BF.7",NA,NA,NA
"261","AZ/AZ","BA.1","BQ.1.3",NA,NA,NA
"262","AZ/AZ","BA.1","BQ.1.1",NA,NA,NA
"263","AZ/AZ","BA.1","BQ.1.18",NA,NA,NA
"264","AZ/AZ","BA.1","XBB.1",NA,NA,NA
"265","AZ/AZ","BA.1","XBB.1.5",NA,NA,NA
"266","AZ/AZ","BA.1","XBF",NA,NA,NA
"267","AZ/AZ","BA.5.3.2","D614G",5.55558506190731,3.14679248082342,16.0588400120497
"268","AZ/AZ","BA.5.3.2","BA.1",-6.60780591167841,-194.908254180552,1.60810119174383
"269","AZ/AZ","BA.5.3.2","BA.5.3.2",0,-4.34697125907206,4.28228235122772
"270","AZ/AZ","BA.5.3.2","B.1.1.7",5.07038687439188,2.80445662591532,15.1896993498862
"271","AZ/AZ","BA.5.3.2","B.1.351",4.36570849373863,2.04497141906096,14.9715458863045
"272","AZ/AZ","BA.5.3.2","B.1.617.2",4.63624936440575,2.26446145219798,15.0946172104265
"273","AZ/AZ","BA.5.3.2","BA.2",2.49952110694292,0.427293614859762,8.5305646271922
"274","AZ/AZ","BA.5.3.2","CB.1",NA,NA,NA
"275","AZ/AZ","BA.5.3.2","BR.3",NA,NA,NA
"276","AZ/AZ","BA.5.3.2","CH.1.1",NA,NA,NA
"277","AZ/AZ","BA.5.3.2","BA.5.2.1",NA,NA,NA
"278","AZ/AZ","BA.5.3.2","BE.1.1",NA,NA,NA
"279","AZ/AZ","BA.5.3.2","BF.7",NA,NA,NA
"280","AZ/AZ","BA.5.3.2","BQ.1.3",NA,NA,NA
"281","AZ/AZ","BA.5.3.2","BQ.1.1",NA,NA,NA
"282","AZ/AZ","BA.5.3.2","BQ.1.18",NA,NA,NA
"283","AZ/AZ","BA.5.3.2","XBB.1",NA,NA,NA
"284","AZ/AZ","BA.5.3.2","XBB.1.5",NA,NA,NA
"285","AZ/AZ","BA.5.3.2","XBF",NA,NA,NA
"286","AZ/BNT","D614G","D614G",0,-0.322569158800019,0.341623222986604
"287","AZ/BNT","D614G","BA.1",-5.96446133742052,-7.26693829808019,-5.15211754581612
"288","AZ/BNT","D614G","BA.5.3.2",-3.96825295867019,-4.6552179749062,-3.25069522277366
"289","AZ/BNT","D614G","B.1.1.7",-0.261965541603244,-0.897168293345209,0.383229236363509
"290","AZ/BNT","D614G","B.1.351",-1.63667644348013,-2.28933340829781,-0.946242170253486
"291","AZ/BNT","D614G","B.1.617.2",-1.38012450791882,-2.00224993923386,-0.739462207734938
"292","AZ/BNT","D614G","BA.2",-2.26366995478467,-3.02740159264758,-1.52479635081799
"293","AZ/BNT","D614G","CB.1",NA,NA,NA
"294","AZ/BNT","D614G","BR.3",NA,NA,NA
"295","AZ/BNT","D614G","CH.1.1",NA,NA,NA
"296","AZ/BNT","D614G","BA.5.2.1",NA,NA,NA
"297","AZ/BNT","D614G","BE.1.1",NA,NA,NA
"298","AZ/BNT","D614G","BF.7",NA,NA,NA
"299","AZ/BNT","D614G","BQ.1.3",NA,NA,NA
"300","AZ/BNT","D614G","BQ.1.1",NA,NA,NA
"301","AZ/BNT","D614G","BQ.1.18",NA,NA,NA
"302","AZ/BNT","D614G","XBB.1",NA,NA,NA
"303","AZ/BNT","D614G","XBB.1.5",NA,NA,NA
"304","AZ/BNT","D614G","XBF",NA,NA,NA
"305","AZ/BNT","BA.1","D614G",5.96446133742052,5.11504535264252,7.19647082162262
"306","AZ/BNT","BA.1","BA.1",0,-0.755244701337584,0.764694688650497
"307","AZ/BNT","BA.1","BA.5.3.2",1.99698461202827,1.14965196285006,3.25727802551869
"308","AZ/BNT","BA.1","B.1.1.7",5.67445409669381,5.04955564572006,6.5487838434728
"309","AZ/BNT","BA.1","B.1.351",4.29431568862636,3.50492179472309,5.55947675515048
"310","AZ/BNT","BA.1","B.1.617.2",4.57639096728952,3.81396737824452,5.72984243046183
"311","AZ/BNT","BA.1","BA.2",3.8163368159065,2.54791038023587,5.72092823834338
"312","AZ/BNT","BA.1","CB.1",NA,NA,NA
"313","AZ/BNT","BA.1","BR.3",NA,NA,NA
"314","AZ/BNT","BA.1","CH.1.1",NA,NA,NA
"315","AZ/BNT","BA.1","BA.5.2.1",NA,NA,NA
"316","AZ/BNT","BA.1","BE.1.1",NA,NA,NA
"317","AZ/BNT","BA.1","BF.7",NA,NA,NA
"318","AZ/BNT","BA.1","BQ.1.3",NA,NA,NA
"319","AZ/BNT","BA.1","BQ.1.1",NA,NA,NA
"320","AZ/BNT","BA.1","BQ.1.18",NA,NA,NA
"321","AZ/BNT","BA.1","XBB.1",NA,NA,NA
"322","AZ/BNT","BA.1","XBB.1.5",NA,NA,NA
"323","AZ/BNT","BA.1","XBF",NA,NA,NA
"324","AZ/BNT","BA.5.3.2","D614G",3.96825295867019,3.28824474226591,4.69108768352026
"325","AZ/BNT","BA.5.3.2","BA.1",-1.99698461202827,-3.24409652689603,-1.11612856516361
"326","AZ/BNT","BA.5.3.2","BA.5.3.2",0,-0.345920104468732,0.328498983430069
"327","AZ/BNT","BA.5.3.2","B.1.1.7",3.706297416358,3.12346392692785,4.27230116931051
"328","AZ/BNT","BA.5.3.2","B.1.351",2.33157701943107,1.60959179975575,3.04795335225678
"329","AZ/BNT","BA.5.3.2","B.1.617.2",2.58812877852633,1.85513586075594,3.30409215081583
"330","AZ/BNT","BA.5.3.2","BA.2",1.70457855991705,0.853764619167094,2.52719616740116
"331","AZ/BNT","BA.5.3.2","CB.1",NA,NA,NA
"332","AZ/BNT","BA.5.3.2","BR.3",NA,NA,NA
"333","AZ/BNT","BA.5.3.2","CH.1.1",NA,NA,NA
"334","AZ/BNT","BA.5.3.2","BA.5.2.1",NA,NA,NA
"335","AZ/BNT","BA.5.3.2","BE.1.1",NA,NA,NA
"336","AZ/BNT","BA.5.3.2","BF.7",NA,NA,NA
"337","AZ/BNT","BA.5.3.2","BQ.1.3",NA,NA,NA
"338","AZ/BNT","BA.5.3.2","BQ.1.1",NA,NA,NA
"339","AZ/BNT","BA.5.3.2","BQ.1.18",NA,NA,NA
"340","AZ/BNT","BA.5.3.2","XBB.1",NA,NA,NA
"341","AZ/BNT","BA.5.3.2","XBB.1.5",NA,NA,NA
"342","AZ/BNT","BA.5.3.2","XBF",NA,NA,NA
"343","BNT/BNT","D614G","D614G",0,-0.288005349350392,0.285387528506285
"344","BNT/BNT","D614G","BA.1",-6.27823705622322,-8.04595790211813,-5.39358137632304
"345","BNT/BNT","D614G","BA.5.3.2",-4.74397966806142,-5.3652329300803,-4.1540342631294
"346","BNT/BNT","D614G","B.1.1.7",-0.697289400323232,-1.37175293400311,-0.0487725743282469
"347","BNT/BNT","D614G","B.1.351",-2.18583888365812,-3.04107934658232,-1.32105057431317
"348","BNT/BNT","D614G","B.1.617.2",-2.20427909021893,-2.66814231952586,-1.70820381621315
"349","BNT/BNT","D614G","BA.2",-3.23047988123698,-4.27077139390485,-2.31261094730175
"350","BNT/BNT","D614G","CB.1",-5.75602644264834,-9.8216453877707,-3.75061237293991
"351","BNT/BNT","D614G","BR.3",-8.03234898746378,-32.4760352933907,-4.16753909089767
"352","BNT/BNT","D614G","CH.1.1",-6.44713551517783,-15.6627992186609,-3.74846088940432
"353","BNT/BNT","D614G","BA.5.2.1",-4.54933784697176,-6.35723608361597,-2.91569883334601
"354","BNT/BNT","D614G","BE.1.1",-5.0852959133596,-7.96437085766188,-3.08324094483377
"355","BNT/BNT","D614G","BF.7",-6.35981097025011,-11.5024531900365,-4.5390808886621
"356","BNT/BNT","D614G","BQ.1.3",-6.5364900349933,-15.298140708275,-4.03383233421136
"357","BNT/BNT","D614G","BQ.1.1",-5.25127922950807,-8.10913358662295,-3.23800494413737
"358","BNT/BNT","D614G","BQ.1.18",-6.90036297985638,-18.7793207143166,-2.98542571213779
"359","BNT/BNT","D614G","XBB.1",-6.85605047807192,-13.4155642951296,-4.50346020570761
"360","BNT/BNT","D614G","XBB.1.5",-6.88780744880457,-20.0648224271062,-2.49687441998582
"361","BNT/BNT","D614G","XBF",-12.8357607305095,-200.290133839681,-8.56964387053124
"362","BNT/BNT","BA.1","D614G",6.27823705622322,5.34618401924897,7.98734112495831
"363","BNT/BNT","BA.1","BA.1",0,-0.991784979085716,1.02403933929219
"364","BNT/BNT","BA.1","BA.5.3.2",1.49354649594367,0.567104954250895,3.16346642415053
"365","BNT/BNT","BA.1","B.1.1.7",5.5432965522691,4.74416147142971,7.05342687099458
"366","BNT/BNT","BA.1","B.1.351",4.24436189089394,3.14512254734952,6.16119789424962
"367","BNT/BNT","BA.1","B.1.617.2",3.97951688180654,3.06639091908824,5.75628098139312
"368","BNT/BNT","BA.1","BA.2",3.60126773022904,2.46659855975569,5.41251962848186
"369","BNT/BNT","BA.1","CB.1",1.35935557844346,-9.88428668896524,20.1040739124853
"370","BNT/BNT","BA.1","BR.3",-1.67721842201952,-55.0052955044114,27.1965062060438
"371","BNT/BNT","BA.1","CH.1.1",0.506944099406507,-13.1829426076276,14.5122380109133
"372","BNT/BNT","BA.1","BA.5.2.1",2.22513297029835,-0.586807807811298,9.69830132019422
"373","BNT/BNT","BA.1","BE.1.1",1.93594277917513,-2.24279937431648,10.299801383379
"374","BNT/BNT","BA.1","BF.7",0.160669742718031,-4.70521048503027,5.09408078407385
"375","BNT/BNT","BA.1","BQ.1.3",0.315014936015718,-12.5940790178978,14.4543601385026
"376","BNT/BNT","BA.1","BQ.1.1",1.57839188043187,-2.3014086087236,8.86065921464706
"377","BNT/BNT","BA.1","BQ.1.18",0.0973371754642307,-44.4979129492346,49.314568759461
"378","BNT/BNT","BA.1","XBB.1",-0.290134280356838,-14.096261476178,14.3384075440674
"379","BNT/BNT","BA.1","XBB.1.5",0.281804771266842,-48.1339298948462,42.8988380164599
"380","BNT/BNT","BA.1","XBF",-7.67898763493874,-202.199674912138,-1.18843935036705
"381","BNT/BNT","BA.5.3.2","D614G",4.74397966806142,4.14948856619313,5.36970950011484
"382","BNT/BNT","BA.5.3.2","BA.1",-1.49354649594365,-3.11587769972322,-0.572616902887578
"383","BNT/BNT","BA.5.3.2","BA.5.3.2",0,-0.337133869901574,0.33845954535832
"384","BNT/BNT","BA.5.3.2","B.1.1.7",4.04913963605867,3.2109151375459,4.9813133529079
"385","BNT/BNT","BA.5.3.2","B.1.351",2.61392608683414,1.79431330115005,3.53060078666222
"386","BNT/BNT","BA.5.3.2","B.1.617.2",2.52799632095818,1.90705643101111,3.16656907618031
"387","BNT/BNT","BA.5.3.2","BA.2",1.67812905599233,0.579248302845256,2.71023066068161
"388","BNT/BNT","BA.5.3.2","CB.1",-0.986697484910631,-4.89056697287796,1.54787676251149
"389","BNT/BNT","BA.5.3.2","BR.3",-3.17208089109365,-24.075351088801,0.383232496303171
"390","BNT/BNT","BA.5.3.2","CH.1.1",-1.77929280922797,-9.38453128156047,1.27144172301528
"391","BNT/BNT","BA.5.3.2","BA.5.2.1",0.223919550862586,-1.02993051884148,1.47051427645774
"392","BNT/BNT","BA.5.3.2","BE.1.1",-0.301654897625356,-2.38095666037271,1.35415652293237
"393","BNT/BNT","BA.5.3.2","BF.7",-1.72102549713259,-7.41155291966689,0.26390656870381
"394","BNT/BNT","BA.5.3.2","BQ.1.3",-1.80423982258106,-9.6230044062241,1.29642971451937
"395","BNT/BNT","BA.5.3.2","BQ.1.1",-0.495837426354297,-2.48467497008352,1.1930136887155
"396","BNT/BNT","BA.5.3.2","BQ.1.18",-1.97169967931076,-11.1725732315079,1.37159666351312
"397","BNT/BNT","BA.5.3.2","XBB.1",-2.14139921241685,-7.59649666214042,0.151156940148752
"398","BNT/BNT","BA.5.3.2","XBB.1.5",-1.90174527977507,-11.6188341901317,1.85304008740845
"399","BNT/BNT","BA.5.3.2","XBF",-8.31344887749407,-196.93039558609,-2.8293449268652
"400","BA.1 conv.","D614G","D614G",0,-4.17184250181241,4.36769614411994
"401","BA.1 conv.","D614G","BA.1",4.08495904752884,3.0596271461207,8.81972316553698
"402","BA.1 conv.","D614G","BA.5.3.2",1.23576423710024,-1.1391737957191,6.14267189106647
"403","BA.1 conv.","D614G","B.1.1.7",-0.226810927970235,-17.822044730225,9.79800624512952
"404","BA.1 conv.","D614G","B.1.351",1.14363973000451,-5.25534153365495,14.9935263314182
"405","BA.1 conv.","D614G","B.1.617.2",2.5762149692022,-0.23769459885753,9.59149202546733
"406","BA.1 conv.","D614G","BA.2",4.46311493960909,2.84056474246581,8.4272243142988
"407","BA.1 conv.","D614G","CB.1",3.99259162238806,-21.2603592996269,71.9367177446755
"408","BA.1 conv.","D614G","BR.3",-5.89364059302608,-205.257711873697,3.81652870505394
"409","BA.1 conv.","D614G","CH.1.1",1.68301543491022,-14.2933184024339,56.5169795881549
"410","BA.1 conv.","D614G","BA.5.2.1",3.19893025181618,-0.76888428914395,19.8166114041261
"411","BA.1 conv.","D614G","BE.1.1",4.37092477744646,1.49915973681624,29.656604534398
"412","BA.1 conv.","D614G","BF.7",0.760907548538492,-6.36988158511554,14.1607754706462
"413","BA.1 conv.","D614G","BQ.1.3",2.89395255256758,0.400239962703286,28.6590449014808
"414","BA.1 conv.","D614G","BQ.1.1",3.09760039615038,0.425635668608948,29.134636474192
"415","BA.1 conv.","D614G","BQ.1.18",3.29594634316542,-4.0029531962907,67.7083166065506
"416","BA.1 conv.","D614G","XBB.1",-5.89364059302608,-201.215642429326,5.57578347210271
"417","BA.1 conv.","D614G","XBB.1.5",5.64512010316243,-0.533445827836732,77.7790301341235
"418","BA.1 conv.","D614G","XBF",0.283180561147348,-12.0152362886367,13.7205503563823
"419","BA.1 conv.","BA.1","D614G",-4.08495904752884,-8.56178526663342,-2.94755262390093
"420","BA.1 conv.","BA.1","BA.1",0,-0.160591126955383,0.164991488070154
"421","BA.1 conv.","BA.1","BA.5.3.2",-3.09068974567276,-5.24112437118626,-2.30023657835448
"422","BA.1 conv.","BA.1","B.1.1.7",-5.15424371740026,-28.707357680227,-3.298288662361
"423","BA.1 conv.","BA.1","B.1.351",-3.40496435871457,-6.57166336456679,-2.32049444167766
"424","BA.1 conv.","BA.1","B.1.617.2",-2.83224662750318,-5.61427742200048,-1.69024570880762
"425","BA.1 conv.","BA.1","BA.2",-1.07122795321126,-2.01739247856324,-0.227314135150558
"426","BA.1 conv.","BA.1","CB.1",-4.49337121096599,-17.5631795797278,-1.6629351752463
"427","BA.1 conv.","BA.1","BR.3",-9.27563375476762,-196.093029492856,-5.31344127326
"428","BA.1 conv.","BA.1","CH.1.1",-3.78350364312422,-10.8663918168336,-2.01615187792245
"429","BA.1 conv.","BA.1","BA.5.2.1",-2.78069719423286,-6.29648303751931,-1.59228598986414
"430","BA.1 conv.","BA.1","BE.1.1",-1.67318933354475,-3.44269124341548,-0.419629122468255
"431","BA.1 conv.","BA.1","BF.7",-3.6793499086411,-10.0553581149906,-2.42763060510063
"432","BA.1 conv.","BA.1","BQ.1.3",-1.96209999214487,-3.27712970887727,-1.01846305036888
"433","BA.1 conv.","BA.1","BQ.1.1",-1.97520677781706,-3.4838152214023,-0.898282650907652
"434","BA.1 conv.","BA.1","BQ.1.18",-2.92701044147865,-6.85528630994887,-1.27128963702103
"435","BA.1 conv.","BA.1","XBB.1",-9.27563375476762,-202.915174879101,-5.46139745368049
"436","BA.1 conv.","BA.1","XBB.1.5",-1.89762211689114,-4.64787114759456,-0.387380583373598
"437","BA.1 conv.","BA.1","XBF",-4.24976531045464,-21.8753471918743,-2.61037367393902
"438","BA.1 conv.","BA.5.3.2","D614G",-1.23576423710024,-6.46010420639147,1.21930604346454
"439","BA.1 conv.","BA.5.3.2","BA.1",3.09068974567276,2.28232419441817,5.34165637755692
"440","BA.1 conv.","BA.5.3.2","BA.5.3.2",0,-1.45820340026919,1.38333832077584
"441","BA.1 conv.","BA.5.3.2","B.1.1.7",-1.88619143924697,-21.8404335868172,2.81256053495882
"442","BA.1 conv.","BA.5.3.2","B.1.351",-0.140018781634489,-4.98151224232211,4.34579312163343
"443","BA.1 conv.","BA.5.3.2","B.1.617.2",1.05872054960324,-1.84644417590481,4.94514011539853
"444","BA.1 conv.","BA.5.3.2","BA.2",3.01900446671302,1.45780776132983,6.40716385343554
"445","BA.1 conv.","BA.5.3.2","CB.1",1.16663902303204,-14.2381827040472,18.8221476575907
"446","BA.1 conv.","BA.5.3.2","BR.3",-6.97817411654375,-201.282166753611,-1.22925008799979
"447","BA.1 conv.","BA.5.3.2","CH.1.1",-0.113079687820656,-9.40916548404527,9.78552351628411
"448","BA.1 conv.","BA.5.3.2","BA.5.2.1",1.28663736636975,-1.23515702838381,4.36991020010492
"449","BA.1 conv.","BA.5.3.2","BE.1.1",2.63060629950636,0.302716905922432,8.70054442432138
"450","BA.1 conv.","BA.5.3.2","BF.7",-0.919464804888705,-6.23048773516774,2.36910435576808
"451","BA.1 conv.","BA.5.3.2","BQ.1.3",1.62875500374581,-0.492888044918674,9.72843052129287
"452","BA.1 conv.","BA.5.3.2","BQ.1.1",1.53869859201617,-0.174975125412683,6.37195807745215
"453","BA.1 conv.","BA.5.3.2","BQ.1.18",1.30625866033178,-5.58983803818819,15.4381147862051
"454","BA.1 conv.","BA.5.3.2","XBB.1",-6.97817411654375,-200.654309718555,-2.22681892478096
"455","BA.1 conv.","BA.5.3.2","XBB.1.5",3.34950603938562,-2.89325543376603,27.0152306159411
"456","BA.1 conv.","BA.5.3.2","XBF",-1.59133264182727,-17.9037908485694,4.1679488448872
"457","BA.2 conv.","D614G","D614G",0,-2.28060959036084,2.34429346636033
"458","BA.2 conv.","D614G","BA.1",0.743906112087477,-6.74299380008396,12.3324703707615
"459","BA.2 conv.","D614G","BA.5.3.2",2.16929722419582,1.00786487140231,5.95933528976813
"460","BA.2 conv.","D614G","B.1.1.7",0.0572942344182003,-15.223828494938,8.70054701028193
"461","BA.2 conv.","D614G","B.1.351",-0.0820386987830735,-14.2717320188428,9.00423797004816
"462","BA.2 conv.","D614G","B.1.617.2",1.09809206901216,-1.91241573750671,6.5264057881699
"463","BA.2 conv.","D614G","BA.2",5.82406745391129,3.87673839288483,11.4405060984584
"464","BA.2 conv.","D614G","CB.1",2.15658643422747,-7.0710469370846,23.2329756291516
"465","BA.2 conv.","D614G","BR.3",-6.69827713742395,-198.339123957543,-1.50470874555241
"466","BA.2 conv.","D614G","CH.1.1",0.0509319532235166,-9.35160017108229,9.3458093660249
"467","BA.2 conv.","D614G","BA.5.2.1",3.10480956002155,1.79708465828989,7.38657223267651
"468","BA.2 conv.","D614G","BE.1.1",2.14246897252279,0.621693292422461,6.38962580958961
"469","BA.2 conv.","D614G","BF.7",1.87799600200606,0.313585363315655,6.49535592912274
"470","BA.2 conv.","D614G","BQ.1.3",2.0238773482293,0.358695199380544,6.00558315843134
"471","BA.2 conv.","D614G","BQ.1.1",2.63419730387254,-2.17834411094728,23.2626437469857
"472","BA.2 conv.","D614G","BQ.1.18",0.956114888205502,-2.82892242385904,5.80695064782015
"473","BA.2 conv.","D614G","XBB.1",0.730204666035841,-1.37905213027076,6.13841249685196
"474","BA.2 conv.","D614G","XBB.1.5",2.26015554372468,-2.54010747456627,10.0170198001064
"475","BA.2 conv.","D614G","XBF",-6.69827713742395,-197.695986371839,-1.83591465448895
"476","BA.2 conv.","BA.1","D614G",-0.743906112087477,-12.2824762025101,6.58181725799847
"477","BA.2 conv.","BA.1","BA.1",0,-1.45017653574133,1.41091217321431
"478","BA.2 conv.","BA.1","BA.5.3.2",1.66906104819018,0.650877819777428,4.06767266821183
"479","BA.2 conv.","BA.1","B.1.1.7",-1.6133073730065,-68.7066500391147,23.1722516765403
"480","BA.2 conv.","BA.1","B.1.351",-1.60731348649225,-64.6224139825124,24.9276608580953
"481","BA.2 conv.","BA.1","B.1.617.2",0.428045733400809,-2.03049953279758,3.76394350154355
"482","BA.2 conv.","BA.1","BA.2",5.0727603546162,3.65604138493981,7.97224101038509
"483","BA.2 conv.","BA.1","CB.1",1.2348938285729,-5.04525657013522,9.3195090408951
"484","BA.2 conv.","BA.1","BR.3",-7.35875509427869,-202.104825622912,-2.42740638511985
"485","BA.2 conv.","BA.1","CH.1.1",-0.799181612103852,-13.432065410619,7.29067326441478
"486","BA.2 conv.","BA.1","BA.5.2.1",2.58729276904,1.28931844010352,5.4897108972065
"487","BA.2 conv.","BA.1","BE.1.1",1.70062861155724,-0.448927315104153,6.64124606860034
"488","BA.2 conv.","BA.1","BF.7",1.28583968921831,0.0819680121710256,3.62041576058533
"489","BA.2 conv.","BA.1","BQ.1.3",1.5181725711087,-0.875429506900676,6.4268464923521
"490","BA.2 conv.","BA.1","BQ.1.1",1.54304387785222,0.0353298579183647,4.4162519770374
"491","BA.2 conv.","BA.1","BQ.1.18",0.0267618939647956,-5.24927050237078,5.74371923967713
"492","BA.2 conv.","BA.1","XBB.1",0.0633305182441223,-1.99695725746123,3.44517438780706
"493","BA.2 conv.","BA.1","XBB.1.5",1.36693509380322,-4.26919353252771,8.76596084264531
"494","BA.2 conv.","BA.1","XBF",-7.35875509427869,-200.302780804755,-2.69512172529341
"495","BA.2 conv.","BA.5.3.2","D614G",-2.16929722419582,-5.972228925545,-0.997383095158939
"496","BA.2 conv.","BA.5.3.2","BA.1",-1.66906104819018,-4.08430914473192,-0.637932835879397
"497","BA.2 conv.","BA.5.3.2","BA.5.3.2",0,-0.340644330476172,0.331248223013063
"498","BA.2 conv.","BA.5.3.2","B.1.1.7",-2.72158518055213,-12.8077976805099,-0.793762725043277
"499","BA.2 conv.","BA.5.3.2","B.1.351",-2.64288931593913,-12.3883554359977,-0.75832155973078
"500","BA.2 conv.","BA.5.3.2","B.1.617.2",-1.32873432957373,-2.85519758003376,-0.495289645422272
"501","BA.2 conv.","BA.5.3.2","BA.2",2.9166439338538,1.65424608664871,4.15181870692415
"502","BA.2 conv.","BA.5.3.2","CB.1",-1.15897057329123,-4.18785743209316,0.6577062379215
"503","BA.2 conv.","BA.5.3.2","BR.3",-8.2959858974957,-198.748559352344,-4.87816907703457
"504","BA.2 conv.","BA.5.3.2","CH.1.1",-2.45667677634297,-7.87745878903174,-0.763598582499113
"505","BA.2 conv.","BA.5.3.2","BA.5.2.1",0.822329307383822,0.300013893239237,1.35326676797225
"506","BA.2 conv.","BA.5.3.2","BE.1.1",-0.341921879812283,-1.30428173616718,0.434791379592921
"507","BA.2 conv.","BA.5.3.2","BF.7",-0.45113297953847,-1.08458237424106,0.111750348714989
"508","BA.2 conv.","BA.5.3.2","BQ.1.3",-0.601908225222604,-1.76821079068684,0.425768385948821
"509","BA.2 conv.","BA.5.3.2","BQ.1.1",-0.423438962751618,-1.65803893166598,0.592102109175468
"510","BA.2 conv.","BA.5.3.2","BQ.1.18",-1.78816283652611,-4.76757334007919,-0.473716768004288
"511","BA.2 conv.","BA.5.3.2","XBB.1",-1.55752265112551,-3.01455472684757,-0.639810131576077
"512","BA.2 conv.","BA.5.3.2","XBB.1.5",-1.04181991916956,-4.02692850386384,0.692840247847664
"513","BA.2 conv.","BA.5.3.2","XBF",-8.2959858974957,-200.096147533373,-4.06533439976258
"514","WT conv.","D614G","D614G",0,-0.336495125064671,0.340889165733124
"515","WT conv.","D614G","BA.1",-4.36940164533851,-13.9875538439547,-2.61581565372547
"516","WT conv.","D614G","BA.5.3.2",-3.3823126632564,-6.83838516260516,-1.89248618596011
"517","WT conv.","D614G","B.1.1.7",-0.562651278592566,-1.3192470038827,0.21573556107389
"518","WT conv.","D614G","B.1.351",-1.77952229714702,-3.0365927749423,-0.703643581152854
"519","WT conv.","D614G","B.1.617.2",-0.395035497357014,-1.30840424494972,0.463932092869277
"520","WT conv.","D614G","BA.2",-2.86883498426726,-5.4573382434449,-1.42130673564714
"521","WT conv.","D614G","CB.1",-10.4033783897545,-200.047354240516,-5.41206317701627
"522","WT conv.","D614G","BR.3",-10.4033783897545,-199.984736256768,-5.78534860691488
"523","WT conv.","D614G","CH.1.1",-10.4033783897545,-199.201463997149,-6.41520848021062
"524","WT conv.","D614G","BA.5.2.1",-1.57121759946631,-4.22337490833886,0.573379014273492
"525","WT conv.","D614G","BE.1.1",-5.16731423184776,-25.9606775275963,-1.4639887977643
"526","WT conv.","D614G","BF.7",-3.71681191793466,-10.7499786363553,-0.948934836882483
"527","WT conv.","D614G","BQ.1.3",-5.26097122346664,-28.7356417660336,-1.21035160217764
"528","WT conv.","D614G","BQ.1.1",-4.93921411525764,-19.6498133136691,-2.52518606899857
"529","WT conv.","D614G","BQ.1.18",-10.4033783897545,-198.705066225873,-5.78061064933095
"530","WT conv.","D614G","XBB.1",-4.99059996977831,-18.4848719772985,-2.47424051905094
"531","WT conv.","D614G","XBB.1.5",-4.82480020799527,-19.1673470421182,-2.2892011919222
"532","WT conv.","D614G","XBF",-4.81100467225631,-20.9036416324737,-2.22071464462055
"533","WT conv.","BA.1","D614G",4.36940164533851,2.69650595173494,13.1083709919029
"534","WT conv.","BA.1","BA.1",0,-4.44693976370593,4.40521994514851
"535","WT conv.","BA.1","BA.5.3.2",1.73721598527951,-6.43188018056162,20.474544582606
"536","WT conv.","BA.1","B.1.1.7",4.13420833435751,2.23775552868507,13.4427406158829
"537","WT conv.","BA.1","B.1.351",3.88180846956071,-0.305142311626803,30.5679053873209
"538","WT conv.","BA.1","B.1.617.2",4.49393881954222,2.35438549085533,15.0486179409597
"539","WT conv.","BA.1","BA.2",2.5216155822589,-3.68194202512972,23.0343428426348
"540","WT conv.","BA.1","CB.1",-8.3687904730758,-206.917975060243,-1.24395557005316
"541","WT conv.","BA.1","BR.3",-8.3687904730758,-200.597107143885,0.00683086571070923
"542","WT conv.","BA.1","CH.1.1",-8.3687904730758,-200.19908026348,1.84214329110736
"543","WT conv.","BA.1","BA.5.2.1",3.55733553181158,-1.53884519577122,26.9767790542376
"544","WT conv.","BA.1","BE.1.1",-1.00477235926762,-54.9002183710551,51.1474063219836
"545","WT conv.","BA.1","BF.7",0.916422378813217,-9.03413232973688,20.08327435904
"546","WT conv.","BA.1","BQ.1.3",-0.903492822098734,-58.3573251088796,52.7087518226255
"547","WT conv.","BA.1","BQ.1.1",-2.21270087258037,-15.0543424178078,9.95403820562212
"548","WT conv.","BA.1","BQ.1.18",-8.3687904730758,-200.821195808261,-0.202857215469977
"549","WT conv.","BA.1","XBB.1",-2.31467768185406,-14.6465478837447,10.7679198474501
"550","WT conv.","BA.1","XBB.1.5",-1.95644629070518,-14.3933454324692,9.49540516417762
"551","WT conv.","BA.1","XBF",-1.92175983324569,-15.2644566924101,10.9980802247235
"552","WT conv.","BA.5.3.2","D614G",3.3823126632564,1.92014993280789,6.98380526009096
"553","WT conv.","BA.5.3.2","BA.1",-1.7372159852795,-21.91209553879,6.23344893394545
"554","WT conv.","BA.5.3.2","BA.5.3.2",0,-1.47959903223912,1.52050436049366
"555","WT conv.","BA.5.3.2","B.1.1.7",2.73418431631966,1.46994053134549,5.47133617111861
"556","WT conv.","BA.5.3.2","B.1.351",1.69503535774269,0.528431821616729,4.01893916741047
"557","WT conv.","BA.5.3.2","B.1.617.2",2.97323214587977,1.69961514543662,5.79809366764454
"558","WT conv.","BA.5.3.2","BA.2",0.742543698004953,-1.12221945416872,3.07530108777034
"559","WT conv.","BA.5.3.2","CB.1",-8.24406853901202,-203.280314567194,-3.1144743961603
"560","WT conv.","BA.5.3.2","BR.3",-8.24406853901202,-204.705676596973,-3.27523357219216
"561","WT conv.","BA.5.3.2","CH.1.1",-8.24406853901202,-197.462761150155,-3.32451269893565
"562","WT conv.","BA.5.3.2","BA.5.2.1",1.31372573382896,-0.987955523120602,4.18704502023877
"563","WT conv.","BA.5.3.2","BE.1.1",-2.81826704020231,-19.8979299384446,2.43157529426851
"564","WT conv.","BA.5.3.2","BF.7",-1.29567764189921,-7.48702649037217,2.82859562747981
"565","WT conv.","BA.5.3.2","BQ.1.3",-3.37734385334172,-73.747553010909,17.478343665422
"566","WT conv.","BA.5.3.2","BQ.1.1",-2.87888631358801,-18.6602508553968,2.07745231921894
"567","WT conv.","BA.5.3.2","BQ.1.18",-8.24406853901202,-199.007572414032,-3.24152429507333
"568","WT conv.","BA.5.3.2","XBB.1",-2.91054029125339,-18.4721665181133,2.13125290624749
"569","WT conv.","BA.5.3.2","XBB.1.5",-2.80633787472873,-19.2536377992735,2.28136486260915
"570","WT conv.","BA.5.3.2","XBF",-2.79721099840083,-19.9738505807131,2.79089792378638
"571","BNT/BNT/BNT","D614G","D614G",0,-0.591068197585972,0.583091054922164
"572","BNT/BNT/BNT","D614G","BA.1",-2.43924644001474,-3.1632160794838,-1.68837268574451
"573","BNT/BNT/BNT","D614G","BA.5.3.2",-3.36994600018546,-4.12045867002172,-2.68265982090375
"574","BNT/BNT/BNT","D614G","B.1.1.7",0.84913224381368,0.17480407513352,1.52271249434111
"575","BNT/BNT/BNT","D614G","B.1.351",-0.895948233363274,-1.80661042121879,-0.0748839916072706
"576","BNT/BNT/BNT","D614G","B.1.617.2",-0.0200889341239816,-0.85251933980424,0.805559414408472
"577","BNT/BNT/BNT","D614G","BA.2",-2.47976881596175,-3.19822429709349,-1.76487069947396
"578","BNT/BNT/BNT","D614G","CB.1",-7.10004920222982,-8.07327251390941,-6.08591674202182
"579","BNT/BNT/BNT","D614G","BR.3",-7.04004500557136,-8.8529356679664,-5.55637067954251
"580","BNT/BNT/BNT","D614G","CH.1.1",-7.45471516207537,-9.65517262637183,-5.65160624042211
"581","BNT/BNT/BNT","D614G","BA.5.2.1",-3.13629312108346,-4.11377687219683,-2.1348127065188
"582","BNT/BNT/BNT","D614G","BE.1.1",-4.70543789902937,-6.32404942536717,-3.15967588973816
"583","BNT/BNT/BNT","D614G","BF.7",-4.33762984281694,-5.55184281928198,-3.1070733867863
"584","BNT/BNT/BNT","D614G","BQ.1.3",-5.29672212230617,-7.17299719627876,-3.44788417385159
"585","BNT/BNT/BNT","D614G","BQ.1.1",-6.12119284697259,-8.13958935605766,-4.09999004257317
"586","BNT/BNT/BNT","D614G","BQ.1.18",-6.74734125490319,-8.42423677771968,-5.22317836331309
"587","BNT/BNT/BNT","D614G","XBB.1",-5.89967921493147,-7.58667939814198,-4.24608425969179
"588","BNT/BNT/BNT","D614G","XBB.1.5",-6.42601426679477,-7.84696256420322,-4.86686111392615
"589","BNT/BNT/BNT","D614G","XBF",-7.5674521562784,-10.0041099288994,-5.97672125829599
"590","BNT/BNT/BNT","BA.1","D614G",2.43924644001474,1.6984012012924,3.19667858582429
"591","BNT/BNT/BNT","BA.1","BA.1",0,-0.590224105732926,0.599445678267798
"592","BNT/BNT/BNT","BA.1","BA.5.3.2",-0.930698645185606,-1.7177915335824,-0.17283956784241
"593","BNT/BNT/BNT","BA.1","B.1.1.7",3.28837211686,2.4655903390958,4.08125330369721
"594","BNT/BNT/BNT","BA.1","B.1.351",1.54329165558179,0.68105608733889,2.42457336725297
"595","BNT/BNT/BNT","BA.1","B.1.617.2",2.41915798016851,1.69152672387425,3.12340915779954
"596","BNT/BNT/BNT","BA.1","BA.2",-0.04052170743383,-0.874372129242394,0.805433039727028
"597","BNT/BNT/BNT","BA.1","CB.1",-4.6333453268594,-5.73789517537559,-3.57363548277294
"598","BNT/BNT/BNT","BA.1","BR.3",-4.56903174416037,-6.33882936865507,-2.98863501013077
"599","BNT/BNT/BNT","BA.1","CH.1.1",-4.9997672031235,-7.09204237494195,-3.24564365590469
"600","BNT/BNT/BNT","BA.1","BA.5.2.1",-0.669600224326178,-1.64873591204417,0.271141453092171
"601","BNT/BNT/BNT","BA.1","BE.1.1",-2.23876279066996,-3.76966361854141,-0.764502047314857
"602","BNT/BNT/BNT","BA.1","BF.7",-1.87414588521354,-3.04846732957625,-0.681944650220185
"603","BNT/BNT/BNT","BA.1","BQ.1.3",-2.83004817594629,-4.71706648989684,-0.909797185197192
"604","BNT/BNT/BNT","BA.1","BQ.1.1",-3.8429231132936,-5.98904390265107,-1.85576152866751
"605","BNT/BNT/BNT","BA.1","BQ.1.18",-4.28389709006276,-5.48029104812984,-3.02827279239432
"606","BNT/BNT/BNT","BA.1","XBB.1",-3.43620223395195,-5.01570209891126,-1.95262784583994
"607","BNT/BNT/BNT","BA.1","XBB.1.5",-3.96255941586381,-5.22979732533499,-2.7872608130815
"608","BNT/BNT/BNT","BA.1","XBF",-5.0622902135952,-7.15503441507354,-3.55617012414838
"609","BNT/BNT/BNT","BA.5.3.2","D614G",3.36994600018546,2.6224488726249,4.08262204615149
"610","BNT/BNT/BNT","BA.5.3.2","BA.1",0.930698645185606,0.19531594825209,1.69744564043095
"611","BNT/BNT/BNT","BA.5.3.2","BA.5.3.2",0,-0.615145531200841,0.568661277484613
"612","BNT/BNT/BNT","BA.5.3.2","B.1.1.7",4.21906393449125,3.3728842281951,5.11293529901176
"613","BNT/BNT/BNT","BA.5.3.2","B.1.351",2.47398298194644,1.48325600893537,3.40190263233406
"614","BNT/BNT/BNT","BA.5.3.2","B.1.617.2",3.34984166956858,2.44400333032816,4.33612250233427
"615","BNT/BNT/BNT","BA.5.3.2","BA.2",0.890177362224545,0.151353007731402,1.58352125975402
"616","BNT/BNT/BNT","BA.5.3.2","CB.1",-3.66667281033816,-4.49797249811044,-2.7769562490576
"617","BNT/BNT/BNT","BA.5.3.2","BR.3",-3.59448654535502,-4.93985882868611,-2.36964863914634
"618","BNT/BNT/BNT","BA.5.3.2","CH.1.1",-3.91402167557863,-6.00079735781914,-2.27452827016416
"619","BNT/BNT/BNT","BA.5.3.2","BA.5.2.1",0.297080398895955,-0.464957081945423,1.13379678167701
"620","BNT/BNT/BNT","BA.5.3.2","BE.1.1",-1.27207415529928,-2.86498520432609,0.216894712910821
"621","BNT/BNT/BNT","BA.5.3.2","BF.7",-0.845144250376216,-1.92379172307662,0.271698546023343
"622","BNT/BNT/BNT","BA.5.3.2","BQ.1.3",-1.86336138604018,-3.73061901574978,0.0284739059749634
"623","BNT/BNT/BNT","BA.5.3.2","BQ.1.1",-2.71190342160362,-4.38812024039202,-1.03934551393506
"624","BNT/BNT/BNT","BA.5.3.2","BQ.1.18",-3.25488029889297,-4.65511702389949,-1.80843578136734
"625","BNT/BNT/BNT","BA.5.3.2","XBB.1",-2.40720441320897,-3.92747551202437,-0.85869640670347
"626","BNT/BNT/BNT","BA.5.3.2","XBB.1.5",-2.93354403381129,-4.27628231252467,-1.48499126758488
"627","BNT/BNT/BNT","BA.5.3.2","XBF",-4.06379016641218,-6.03692117841181,-2.69366066731415
"628","BA.5 conv.","D614G","D614G",0,-13.273636489101,12.266561447386
"629","BA.5 conv.","D614G","BA.1",-7.1034132903918,-199.477957501871,3.18710447228575
"630","BA.5 conv.","D614G","BA.5.3.2",1.8738335318842,-10.8415077211387,15.84087625627
"631","BA.5 conv.","D614G","B.1.1.7",NA,NA,NA
"632","BA.5 conv.","D614G","B.1.351",-0.631842835056242,-11.8099982776675,12.3752495327915
"633","BA.5 conv.","D614G","B.1.617.2",-0.720315187345408,-13.0374485347979,11.9768067639067
"634","BA.5 conv.","D614G","BA.2",-1.22778920655122,-14.102411802484,11.990623095556
"635","BA.5 conv.","D614G","CB.1",-7.1034132903918,-205.466041984465,1.23441913272782
"636","BA.5 conv.","D614G","BR.3",-0.814067874840627,-13.3025051800297,10.5103195837158
"637","BA.5 conv.","D614G","CH.1.1",-0.945831998249075,-13.2998768585067,12.3938535483326
"638","BA.5 conv.","D614G","BA.5.2.1",2.05723017789016,-11.4040533679337,15.2105179911497
"639","BA.5 conv.","D614G","BE.1.1",2.24571227795191,-11.0376434043896,15.149049122752
"640","BA.5 conv.","D614G","BF.7",1.83404867711054,-10.1712779951661,14.99422452594
"641","BA.5 conv.","D614G","BQ.1.3",-7.1034132903918,-204.376254759758,1.09620648390108
"642","BA.5 conv.","D614G","BQ.1.1",-1.20488215763065,-13.0205468119433,10.3456732789658
"643","BA.5 conv.","D614G","BQ.1.18",-1.3872789477528,-14.3772482637384,13.3817156110526
"644","BA.5 conv.","D614G","XBB.1",-0.996431395420524,-13.7080768061594,11.3744872864643
"645","BA.5 conv.","D614G","XBB.1.5",-0.0672463338625193,-11.8677715411744,13.8246676674679
"646","BA.5 conv.","D614G","XBF",-7.1034132903918,-203.250866288699,1.09272870057563
"647","BA.5 conv.","BA.1","D614G",7.1034132903918,-1.471926021805,204.449826169079
"648","BA.5 conv.","BA.1","BA.1",0,-189.443262792098,198.979852906527
"649","BA.5 conv.","BA.1","BA.5.3.2",8.86550626281803,0.400711321045247,202.679991783055
"650","BA.5 conv.","BA.1","B.1.1.7",NA,NA,NA
"651","BA.5 conv.","BA.1","B.1.351",6.51407029691147,-2.37876293781682,203.791614489391
"652","BA.5 conv.","BA.1","B.1.617.2",6.43180377661103,-2.57844514098459,203.506540512726
"653","BA.5 conv.","BA.1","BA.2",5.96126090549957,-2.78026839979897,206.809663846796
"654","BA.5 conv.","BA.1","CB.1",0,-196.168712488873,194.127945896068
"655","BA.5 conv.","BA.1","BR.3",6.344700153582,-2.95613981389063,201.623872546569
"656","BA.5 conv.","BA.1","CH.1.1",6.22241090604561,-2.14244087856805,204.20596737333
"657","BA.5 conv.","BA.1","BA.5.2.1",9.03924090987687,1.50787637151461,207.145975306623
"658","BA.5 conv.","BA.1","BE.1.1",9.21794835779919,-0.695143223345923,207.312650632974
"659","BA.5 conv.","BA.1","BF.7",8.82783753201471,-0.771546189696565,201.216330362729
"660","BA.5 conv.","BA.1","BQ.1.3",0,-194.070185663039,194.984901784602
"661","BA.5 conv.","BA.1","BQ.1.1",5.98244953944129,-1.84415200666237,200.685996694998
"662","BA.5 conv.","BA.1","BQ.1.18",5.81387796426843,-2.67339166612897,204.965868308184
"663","BA.5 conv.","BA.1","XBB.1",6.17549129536978,-4.5487049081481,200.919880197728
"664","BA.5 conv.","BA.1","XBB.1.5",7.04054587165355,-4.12340022830385,202.024220796946
"665","BA.5 conv.","BA.1","XBF",0,-201.297515345695,192.755290742278
"666","BA.5 conv.","BA.5.3.2","D614G",-1.8738335318842,-13.9929780504229,10.6892083562868
"667","BA.5 conv.","BA.5.3.2","BA.1",-8.86550626281804,-202.006722183474,0.864776474898882
"668","BA.5 conv.","BA.5.3.2","BA.5.3.2",0,-12.9235218599514,12.2180853078186
"669","BA.5 conv.","BA.5.3.2","B.1.1.7",NA,NA,NA
"670","BA.5 conv.","BA.5.3.2","B.1.351",-2.50567636677648,-15.3946113873958,10.0861111621742
"671","BA.5 conv.","BA.5.3.2","B.1.617.2",-2.59414871903608,-16.2437003594055,9.97641748609986
"672","BA.5 conv.","BA.5.3.2","BA.2",-3.10162273804103,-14.6097155626988,8.68014008554076
"673","BA.5 conv.","BA.5.3.2","CB.1",-8.86550626281804,-201.856495348996,-0.936752895363284
"674","BA.5 conv.","BA.5.3.2","BR.3",-2.68790140649821,-14.6233857458629,9.43032823561071
"675","BA.5 conv.","BA.5.3.2","CH.1.1",-2.81966552985707,-17.0355436635672,11.6350287695134
"676","BA.5 conv.","BA.5.3.2","BA.5.2.1",0.183396646045041,-11.9170120804713,13.6729750322735
"677","BA.5 conv.","BA.5.3.2","BE.1.1",0.3718787461542,-12.4043041322754,14.2460363681684
"678","BA.5 conv.","BA.5.3.2","BF.7",-0.039784854781211,-13.1569440079698,13.3347127812338
"679","BA.5 conv.","BA.5.3.2","BQ.1.3",-8.86550626281804,-201.744563068082,0.0495469190277618
"680","BA.5 conv.","BA.5.3.2","BQ.1.1",-3.07871568913067,-16.5159431928708,8.42092597281201
"681","BA.5 conv.","BA.5.3.2","BQ.1.18",-3.26111247916847,-16.6179413808225,8.81460010369338
"682","BA.5 conv.","BA.5.3.2","XBB.1",-2.87026492700852,-15.3401369568762,11.5432562240014
"683","BA.5 conv.","BA.5.3.2","XBB.1.5",-1.9410798657332,-14.8882753948437,12.1987753626607
"684","BA.5 conv.","BA.5.3.2","XBF",-8.86550626281804,-203.061699766285,-0.776781087016527
"685","CK.2.1.1 conv.","D614G","D614G",0,-192.697211427608,198.026027139852
"686","CK.2.1.1 conv.","D614G","BA.1",5.80590884663703,-2.21867283530099,201.129051794739
"687","CK.2.1.1 conv.","D614G","BA.5.3.2",9.28886213126492,4.09600223850728,201.642781881053
"688","CK.2.1.1 conv.","D614G","B.1.1.7",NA,NA,NA
"689","CK.2.1.1 conv.","D614G","B.1.351",0,-201.621560129321,189.88377110997
"690","CK.2.1.1 conv.","D614G","B.1.617.2",0,-196.291390567731,195.469436819337
"691","CK.2.1.1 conv.","D614G","BA.2",6.60859411618553,0.932439528561829,196.330026481895
"692","CK.2.1.1 conv.","D614G","CB.1",6.77816791250745,-4.5300131917123,202.057567754732
"693","CK.2.1.1 conv.","D614G","BR.3",6.27860419708526,-4.53267760148424,199.674953160689
"694","CK.2.1.1 conv.","D614G","CH.1.1",7.01020778011793,-3.92806328620506,199.794797430992
"695","CK.2.1.1 conv.","D614G","BA.5.2.1",10.1284173841184,4.87531057593852,202.385717875341
"696","CK.2.1.1 conv.","D614G","BE.1.1",9.17358470000027,3.39357570058906,198.958255931795
"697","CK.2.1.1 conv.","D614G","BF.7",9.84987796318996,3.82167407993467,198.320539226008
"698","CK.2.1.1 conv.","D614G","BQ.1.3",9.87000827019267,3.97906316618911,199.163213792065
"699","CK.2.1.1 conv.","D614G","BQ.1.1",5.78868957403737,-2.93293678337187,198.703493835603
"700","CK.2.1.1 conv.","D614G","BQ.1.18",9.86735108052148,4.27004987620418,202.272617766492
"701","CK.2.1.1 conv.","D614G","XBB.1",7.53782764064542,-0.0235669189889567,201.766325596434
"702","CK.2.1.1 conv.","D614G","XBB.1.5",6.76591861287878,-0.94330846813028,204.760132823167
"703","CK.2.1.1 conv.","D614G","XBF",7.89537119314693,2.07725583925501,196.775069532605
"704","CK.2.1.1 conv.","BA.1","D614G",-5.80590884663703,-202.353885086082,3.24023490172336
"705","CK.2.1.1 conv.","BA.1","BA.1",0,-13.48968588613,12.7115310259737
"706","CK.2.1.1 conv.","BA.1","BA.5.3.2",4.0293344709711,-3.55730397101782,19.0698560067347
"707","CK.2.1.1 conv.","BA.1","B.1.1.7",NA,NA,NA
"708","CK.2.1.1 conv.","BA.1","B.1.351",-5.80590884663703,-196.247077071778,4.14940781110233
"709","CK.2.1.1 conv.","BA.1","B.1.617.2",-5.80590884663703,-204.731944921853,1.85076162810337
"710","CK.2.1.1 conv.","BA.1","BA.2",1.1910340607554,-5.7547262924992,16.1152755248311
"711","CK.2.1.1 conv.","BA.1","CB.1",1.04925796708235,-12.6725457508971,12.7737141160873
"712","CK.2.1.1 conv.","BA.1","BR.3",0.511424277967593,-12.0322665167454,12.8197284691181
"713","CK.2.1.1 conv.","BA.1","CH.1.1",1.29626072766947,-11.2934506799959,14.418745828696
"714","CK.2.1.1 conv.","BA.1","BA.5.2.1",4.80242319757238,-3.52496538711009,20.5949921538734
"715","CK.2.1.1 conv.","BA.1","BE.1.1",3.90112355685639,-3.39568440543099,17.9511677393947
"716","CK.2.1.1 conv.","BA.1","BF.7",4.45578675681914,-3.66605418354712,18.3067728023837
"717","CK.2.1.1 conv.","BA.1","BQ.1.3",4.36818754970916,-3.97970069209607,21.5659698057864
"718","CK.2.1.1 conv.","BA.1","BQ.1.1",-0.0092869970619665,-43.0782504000619,41.4917982426648
"719","CK.2.1.1 conv.","BA.1","BQ.1.18",4.49186800379684,-3.91477043173823,19.8370746870025
"720","CK.2.1.1 conv.","BA.1","XBB.1",0.929906641200839,-46.7820531274813,48.9800165957207
"721","CK.2.1.1 conv.","BA.1","XBB.1.5",0.517382120619944,-42.6202014788191,45.0640971832428
"722","CK.2.1.1 conv.","BA.1","XBF",2.4750883176846,-3.76210263306004,17.1395346127482
"723","CK.2.1.1 conv.","BA.5.3.2","D614G",-9.28886213126492,-200.222493738751,-3.42598142049492
"724","CK.2.1.1 conv.","BA.5.3.2","BA.1",-4.0293344709711,-17.7974269012455,3.10671649266119
"725","CK.2.1.1 conv.","BA.5.3.2","BA.5.3.2",0,-4.21661859541113,4.30485957123659
"726","CK.2.1.1 conv.","BA.5.3.2","B.1.1.7",NA,NA,NA
"727","CK.2.1.1 conv.","BA.5.3.2","B.1.351",-9.28886213126492,-201.557602851353,-1.88689830468923
"728","CK.2.1.1 conv.","BA.5.3.2","B.1.617.2",-9.28886213126492,-201.026818225717,-2.83050276780003
"729","CK.2.1.1 conv.","BA.5.3.2","BA.2",-2.83937561294604,-7.15370314738113,1.64087422316446
"730","CK.2.1.1 conv.","BA.5.3.2","CB.1",-3.45648184061576,-19.402294560348,4.52638563076584
"731","CK.2.1.1 conv.","BA.5.3.2","BR.3",-3.73583483100114,-18.1150861394269,4.02905254953624
"732","CK.2.1.1 conv.","BA.5.3.2","CH.1.1",-3.33567906179191,-19.3451820684147,3.90913456909636
"733","CK.2.1.1 conv.","BA.5.3.2","BA.5.2.1",0.815789847741211,-3.39242854079617,5.08043138514021
"734","CK.2.1.1 conv.","BA.5.3.2","BE.1.1",-0.119465603091222,-4.43627703932991,3.98608672696014
"735","CK.2.1.1 conv.","BA.5.3.2","BF.7",0.473318318426661,-4.16999684691501,4.91895530238922
"736","CK.2.1.1 conv.","BA.5.3.2","BQ.1.3",0.386672026132579,-4.17320392763377,4.92469322121086
"737","CK.2.1.1 conv.","BA.5.3.2","BQ.1.1",-4.02274093965901,-18.4026053233332,2.90444501887183
"738","CK.2.1.1 conv.","BA.5.3.2","BQ.1.18",0.508433927368968,-4.01587146267049,4.88574714374484
"739","CK.2.1.1 conv.","BA.5.3.2","XBB.1",-3.08139020261983,-19.2629719135075,5.74240342304901
"740","CK.2.1.1 conv.","BA.5.3.2","XBB.1.5",-3.46522953701218,-19.0515741005441,3.64006095398243
"741","CK.2.1.1 conv.","BA.5.3.2","XBF",-1.74616477095289,-6.43175187955844,2.99291214578382
"742","3x Vacc + bivalent BA.1 boost","D614G","D614G",0,-0.256688431942175,0.242784299906015
"743","3x Vacc + bivalent BA.1 boost","D614G","BA.1",-2.47130699686004,-3.32291720180522,-1.65718007091022
"744","3x Vacc + bivalent BA.1 boost","D614G","BA.5.3.2",-2.5620497893754,-3.49497172610783,-1.59195604424711
"745","3x Vacc + bivalent BA.1 boost","D614G","B.1.1.7",NA,NA,NA
"746","3x Vacc + bivalent BA.1 boost","D614G","B.1.351",-0.197257751269467,-1.0780477441402,0.727116157228513
"747","3x Vacc + bivalent BA.1 boost","D614G","B.1.617.2",0.590671982883093,-0.150117270331049,1.29558376883244
"748","3x Vacc + bivalent BA.1 boost","D614G","BA.2",-1.76472508348351,-2.50460022384527,-1.03653230972557
"749","3x Vacc + bivalent BA.1 boost","D614G","CB.1",-4.8411060336261,-6.27421833447572,-3.6604719290445
"750","3x Vacc + bivalent BA.1 boost","D614G","BR.3",-5.3297363581804,-7.45764250641666,-3.87192477427954
"751","3x Vacc + bivalent BA.1 boost","D614G","CH.1.1",-7.21489842754402,-11.4820219629202,-5.79796678584145
"752","3x Vacc + bivalent BA.1 boost","D614G","BA.5.2.1",NA,NA,NA
"753","3x Vacc + bivalent BA.1 boost","D614G","BE.1.1",NA,NA,NA
"754","3x Vacc + bivalent BA.1 boost","D614G","BF.7",-2.48300977047325,-3.41102636842389,-1.53419233733824
"755","3x Vacc + bivalent BA.1 boost","D614G","BQ.1.3",-4.71327270900299,-6.71334543612391,-3.14471116626618
"756","3x Vacc + bivalent BA.1 boost","D614G","BQ.1.1",-6.67564608329975,-9.19887629903222,-5.51247463115643
"757","3x Vacc + bivalent BA.1 boost","D614G","BQ.1.18",-6.24479856878259,-10.4459950386833,-3.96217427279199
"758","3x Vacc + bivalent BA.1 boost","D614G","XBB.1",-7.43313829656624,-15.7333197114471,-5.00525248527555
"759","3x Vacc + bivalent BA.1 boost","D614G","XBB.1.5",-7.02092356375594,-13.8773822042642,-5.02197038003465
"760","3x Vacc + bivalent BA.1 boost","D614G","XBF",-7.93543560153904,-19.9804650884096,-5.63541937845823
"761","3x Vacc + bivalent BA.1 boost","BA.1","D614G",2.47130699686004,1.63719705625479,3.32292171771038
"762","3x Vacc + bivalent BA.1 boost","BA.1","BA.1",0,-0.252870147847462,0.255861783971957
"763","3x Vacc + bivalent BA.1 boost","BA.1","BA.5.3.2",-0.0907493075032058,-0.712408982143163,0.518224984893613
"764","3x Vacc + bivalent BA.1 boost","BA.1","B.1.1.7",NA,NA,NA
"765","3x Vacc + bivalent BA.1 boost","BA.1","B.1.351",2.27404698267556,1.60487854122269,2.91113958497507
"766","3x Vacc + bivalent BA.1 boost","BA.1","B.1.617.2",3.06197736587598,2.41251803697296,3.74107284653683
"767","3x Vacc + bivalent BA.1 boost","BA.1","BA.2",0.706579397374182,-0.0402598578322744,1.43101359967318
"768","3x Vacc + bivalent BA.1 boost","BA.1","CB.1",-2.25346823054098,-3.1352435973679,-1.5123726935513
"769","3x Vacc + bivalent BA.1 boost","BA.1","BR.3",-2.62274011249349,-3.97956685952091,-1.71950239975723
"770","3x Vacc + bivalent BA.1 boost","BA.1","CH.1.1",-4.57854215087614,-8.56290437998591,-3.29915791525521
"771","3x Vacc + bivalent BA.1 boost","BA.1","BA.5.2.1",NA,NA,NA
"772","3x Vacc + bivalent BA.1 boost","BA.1","BE.1.1",NA,NA,NA
"773","3x Vacc + bivalent BA.1 boost","BA.1","BF.7",-0.0117089951157176,-0.673575915108106,0.641702937926754
"774","3x Vacc + bivalent BA.1 boost","BA.1","BQ.1.3",-2.06885061858743,-3.46267559645504,-1.05292117627546
"775","3x Vacc + bivalent BA.1 boost","BA.1","BQ.1.1",-3.95240308161091,-6.07857469685079,-3.03289724695302
"776","3x Vacc + bivalent BA.1 boost","BA.1","BQ.1.18",-3.56506039924638,-7.07676414849306,-1.76886721654816
"777","3x Vacc + bivalent BA.1 boost","BA.1","XBB.1",-4.04081659637429,-7.90794274470108,-2.87553320424055
"778","3x Vacc + bivalent BA.1 boost","BA.1","XBB.1.5",-3.81392474155781,-8.78757285821203,-2.51520879602025
"779","3x Vacc + bivalent BA.1 boost","BA.1","XBF",-4.42355472986011,-11.5366404147704,-3.08391170001851
"780","3x Vacc + bivalent BA.1 boost","BA.5.3.2","D614G",2.5620497893754,1.60600534947314,3.50049887250515
"781","3x Vacc + bivalent BA.1 boost","BA.5.3.2","BA.1",0.0907493075032058,-0.517916843153466,0.71330593377976
"782","3x Vacc + bivalent BA.1 boost","BA.5.3.2","BA.5.3.2",0,-0.259951387796338,0.250826711928337
"783","3x Vacc + bivalent BA.1 boost","BA.5.3.2","B.1.1.7",NA,NA,NA
"784","3x Vacc + bivalent BA.1 boost","BA.5.3.2","B.1.351",2.3647979743386,1.47134186357183,3.17560259306551
"785","3x Vacc + bivalent BA.1 boost","BA.5.3.2","B.1.617.2",3.15272465437089,2.42236683825094,3.92166147826832
"786","3x Vacc + bivalent BA.1 boost","BA.5.3.2","BA.2",0.797329438493583,-0.0439904574399451,1.60405162034757
"787","3x Vacc + bivalent BA.1 boost","BA.5.3.2","CB.1",-2.19799409541545,-3.44438618248299,-1.10075424444966
"788","3x Vacc + bivalent BA.1 boost","BA.5.3.2","BR.3",-2.65196737776121,-4.63579472237822,-1.28607546633511
"789","3x Vacc + bivalent BA.1 boost","BA.5.3.2","CH.1.1",-4.46317365368137,-9.07195923477712,-3.10602456010358
"790","3x Vacc + bivalent BA.1 boost","BA.5.3.2","BA.5.2.1",NA,NA,NA
"791","3x Vacc + bivalent BA.1 boost","BA.5.3.2","BE.1.1",NA,NA,NA
"792","3x Vacc + bivalent BA.1 boost","BA.5.3.2","BF.7",0.0790405263853095,-0.33077675035057,0.493035268397292
"793","3x Vacc + bivalent BA.1 boost","BA.5.3.2","BQ.1.3",-1.91682008344664,-3.24555472570944,-0.940212595542187
"794","3x Vacc + bivalent BA.1 boost","BA.5.3.2","BQ.1.1",-3.8176204276037,-5.67345075360739,-2.94978154869004
"795","3x Vacc + bivalent BA.1 boost","BA.5.3.2","BQ.1.18",-3.55471695247681,-7.52262627085504,-1.59078535514862
"796","3x Vacc + bivalent BA.1 boost","BA.5.3.2","XBB.1",-4.31041682354879,-9.71183021390176,-2.69163670126615
"797","3x Vacc + bivalent BA.1 boost","BA.5.3.2","XBB.1.5",-4.01517683140149,-10.2887289274587,-2.33984898116785
"798","3x Vacc + bivalent BA.1 boost","BA.5.3.2","XBF",-4.65590316634453,-14.2932281768057,-3.0020598368369
"799","3x Vacc + conv. + bivalent BA.1 boost","D614G","D614G",0,-0.980630984406451,0.997802309207903
"800","3x Vacc + conv. + bivalent BA.1 boost","D614G","BA.1",-1.82255584110957,-3.50699562349043,-0.157010732993235
"801","3x Vacc + conv. + bivalent BA.1 boost","D614G","BA.5.3.2",-1.12880730234357,-3.01739233338832,0.672138173682612
"802","3x Vacc + conv. + bivalent BA.1 boost","D614G","B.1.1.7",NA,NA,NA
"803","3x Vacc + conv. + bivalent BA.1 boost","D614G","B.1.351",-0.168101523602622,-1.36816447159447,1.08065202201257
"804","3x Vacc + conv. + bivalent BA.1 boost","D614G","B.1.617.2",-0.0665496375722671,-1.74280150149822,1.62535793180137
"805","3x Vacc + conv. + bivalent BA.1 boost","D614G","BA.2",-1.58851250076228,-2.73036139516418,-0.358778089873332
"806","3x Vacc + conv. + bivalent BA.1 boost","D614G","CB.1",-3.73642783916675,-5.37355048864474,-2.09774430085775
"807","3x Vacc + conv. + bivalent BA.1 boost","D614G","BR.3",-3.77487987062496,-5.52262665267242,-1.95675821749076
"808","3x Vacc + conv. + bivalent BA.1 boost","D614G","CH.1.1",-4.76715635263151,-6.57655158781358,-2.96420353018523
"809","3x Vacc + conv. + bivalent BA.1 boost","D614G","BA.5.2.1",NA,NA,NA
"810","3x Vacc + conv. + bivalent BA.1 boost","D614G","BE.1.1",NA,NA,NA
"811","3x Vacc + conv. + bivalent BA.1 boost","D614G","BF.7",-1.43483532199484,-3.56482108519468,0.684123138817838
"812","3x Vacc + conv. + bivalent BA.1 boost","D614G","BQ.1.3",-3.33151204845716,-5.42775905688704,-1.18362469409679
"813","3x Vacc + conv. + bivalent BA.1 boost","D614G","BQ.1.1",-4.42980402548918,-6.40397892069024,-2.40639617314451
"814","3x Vacc + conv. + bivalent BA.1 boost","D614G","BQ.1.18",-4.09799813975946,-6.21803301343707,-2.08256030087149
"815","3x Vacc + conv. + bivalent BA.1 boost","D614G","XBB.1",-4.15435101447884,-5.9732294779154,-2.25217259512652
"816","3x Vacc + conv. + bivalent BA.1 boost","D614G","XBB.1.5",-3.98669686869036,-6.08059543345722,-1.87182147432465
"817","3x Vacc + conv. + bivalent BA.1 boost","D614G","XBF",-4.24525234192055,-6.24422571749809,-2.19503137699137
"818","3x Vacc + conv. + bivalent BA.1 boost","BA.1","D614G",1.82255584110957,0.213697474465816,3.58595626290836
"819","3x Vacc + conv. + bivalent BA.1 boost","BA.1","BA.1",0,-0.994448656608433,0.984065624836269
"820","3x Vacc + conv. + bivalent BA.1 boost","BA.1","BA.5.3.2",0.693753107945704,-0.368113670319699,1.82142228696484
"821","3x Vacc + conv. + bivalent BA.1 boost","BA.1","B.1.1.7",NA,NA,NA
"822","3x Vacc + conv. + bivalent BA.1 boost","BA.1","B.1.351",1.65445410442169,0.18426508422449,3.16419022426588
"823","3x Vacc + conv. + bivalent BA.1 boost","BA.1","B.1.617.2",1.75600079876043,-0.491713716565626,4.20146126796901
"824","3x Vacc + conv. + bivalent BA.1 boost","BA.1","BA.2",0.234052835878829,-1.22454488848859,1.74097020112045
"825","3x Vacc + conv. + bivalent BA.1 boost","BA.1","CB.1",-1.91387895031743,-3.16750956431692,-0.688440125350796
"826","3x Vacc + conv. + bivalent BA.1 boost","BA.1","BR.3",-1.95231945973484,-3.15708166345022,-0.702057184325715
"827","3x Vacc + conv. + bivalent BA.1 boost","BA.1","CH.1.1",-2.94462649743857,-4.12305398762955,-1.79745593198996
"828","3x Vacc + conv. + bivalent BA.1 boost","BA.1","BA.5.2.1",NA,NA,NA
"829","3x Vacc + conv. + bivalent BA.1 boost","BA.1","BE.1.1",NA,NA,NA
"830","3x Vacc + conv. + bivalent BA.1 boost","BA.1","BF.7",0.387717979514626,-0.901579426221753,1.74244809413661
"831","3x Vacc + conv. + bivalent BA.1 boost","BA.1","BQ.1.3",-1.50896281072298,-3.33378627917316,0.349044518821802
"832","3x Vacc + conv. + bivalent BA.1 boost","BA.1","BQ.1.1",-2.60725602181936,-4.32454074606238,-0.908500698463247
"833","3x Vacc + conv. + bivalent BA.1 boost","BA.1","BQ.1.18",-2.27544784143665,-4.2577188405311,-0.3462540200185
"834","3x Vacc + conv. + bivalent BA.1 boost","BA.1","XBB.1",-2.33182125493993,-3.43994994959774,-1.26103215371482
"835","3x Vacc + conv. + bivalent BA.1 boost","BA.1","XBB.1.5",-2.16414640990396,-3.76875610097037,-0.483416392102207
"836","3x Vacc + conv. + bivalent BA.1 boost","BA.1","XBF",-2.4227187546332,-3.60607415081462,-1.16277423848673
"837","3x Vacc + conv. + bivalent BA.1 boost","BA.5.3.2","D614G",1.12880730234357,-0.688004565137997,3.05627196606296
"838","3x Vacc + conv. + bivalent BA.1 boost","BA.5.3.2","BA.1",-0.693753107945704,-1.75356752976892,0.48519522308007
"839","3x Vacc + conv. + bivalent BA.1 boost","BA.5.3.2","BA.5.3.2",0,-0.96608970817592,0.99693541167351
"840","3x Vacc + conv. + bivalent BA.1 boost","BA.5.3.2","B.1.1.7",NA,NA,NA
"841","3x Vacc + conv. + bivalent BA.1 boost","BA.5.3.2","B.1.351",0.960711597030558,-0.835937492632652,2.65831268313859
"842","3x Vacc + conv. + bivalent BA.1 boost","BA.5.3.2","B.1.617.2",1.06225530787519,-1.34745822983388,3.70235900489618
"843","3x Vacc + conv. + bivalent BA.1 boost","BA.5.3.2","BA.2",-0.459694590354334,-2.12162697508734,1.15133562000499
"844","3x Vacc + conv. + bivalent BA.1 boost","BA.5.3.2","CB.1",-2.60761910479264,-4.100984578816,-1.21495239511109
"845","3x Vacc + conv. + bivalent BA.1 boost","BA.5.3.2","BR.3",-2.64606010979819,-4.06905377427029,-1.29269221024354
"846","3x Vacc + conv. + bivalent BA.1 boost","BA.5.3.2","CH.1.1",-3.63837956675174,-4.80215858459897,-2.42377456381281
"847","3x Vacc + conv. + bivalent BA.1 boost","BA.5.3.2","BA.5.2.1",NA,NA,NA
"848","3x Vacc + conv. + bivalent BA.1 boost","BA.5.3.2","BE.1.1",NA,NA,NA
"849","3x Vacc + conv. + bivalent BA.1 boost","BA.5.3.2","BF.7",-0.306032063149154,-1.52381810099777,0.859581802203984
"850","3x Vacc + conv. + bivalent BA.1 boost","BA.5.3.2","BQ.1.3",-2.20270878050633,-4.03555728643931,-0.328166001427006
"851","3x Vacc + conv. + bivalent BA.1 boost","BA.5.3.2","BQ.1.1",-3.30099974009864,-4.82520563534693,-1.75825034610209
"852","3x Vacc + conv. + bivalent BA.1 boost","BA.5.3.2","BQ.1.18",-2.96919589885226,-4.86694128101253,-1.12458793992923
"853","3x Vacc + conv. + bivalent BA.1 boost","BA.5.3.2","XBB.1",-3.02556859482378,-4.19250905152545,-1.86203095992416
"854","3x Vacc + conv. + bivalent BA.1 boost","BA.5.3.2","XBB.1.5",-2.85789321273572,-4.49482053384917,-1.26299367288301
"855","3x Vacc + conv. + bivalent BA.1 boost","BA.5.3.2","XBF",-3.11646147775676,-4.5365954643995,-1.80594515852004
"856","3x Vacc + bivalent BA.4/5 boost","D614G","D614G",0,-0.163688765952006,0.158070425347428
"857","3x Vacc + bivalent BA.4/5 boost","D614G","BA.1",-2.61190977630466,-3.42155461259593,-1.79463101834924
"858","3x Vacc + bivalent BA.4/5 boost","D614G","BA.5.3.2",-2.7263250964688,-3.59877205694906,-1.85118893423723
"859","3x Vacc + bivalent BA.4/5 boost","D614G","B.1.1.7",NA,NA,NA
"860","3x Vacc + bivalent BA.4/5 boost","D614G","B.1.351",-0.494351531932974,-1.2302249684723,0.224562781390683
"861","3x Vacc + bivalent BA.4/5 boost","D614G","B.1.617.2",0.432358526636677,-0.424732715438461,1.31032041718351
"862","3x Vacc + bivalent BA.4/5 boost","D614G","BA.2",-2.50253586179047,-3.4919807608585,-1.47821966178634
"863","3x Vacc + bivalent BA.4/5 boost","D614G","CB.1",-4.15242153993619,-5.40695956061278,-2.92460543508567
"864","3x Vacc + bivalent BA.4/5 boost","D614G","BR.3",-4.80008605377395,-6.17116043362279,-3.56788138069355
"865","3x Vacc + bivalent BA.4/5 boost","D614G","CH.1.1",-6.61245708763747,-8.37498335823383,-5.45715435248961
"866","3x Vacc + bivalent BA.4/5 boost","D614G","BA.5.2.1",NA,NA,NA
"867","3x Vacc + bivalent BA.4/5 boost","D614G","BE.1.1",NA,NA,NA
"868","3x Vacc + bivalent BA.4/5 boost","D614G","BF.7",-2.53248154933156,-3.767355920566,-1.37488062456703
"869","3x Vacc + bivalent BA.4/5 boost","D614G","BQ.1.3",-4.66312088709163,-5.90139246133845,-3.49497766444069
"870","3x Vacc + bivalent BA.4/5 boost","D614G","BQ.1.1",-6.57332755120932,-7.85350349195332,-5.61149999167855
"871","3x Vacc + bivalent BA.4/5 boost","D614G","BQ.1.18",-6.19054714147962,-8.18492583491671,-4.92257296854379
"872","3x Vacc + bivalent BA.4/5 boost","D614G","XBB.1",-4.93947040861712,-6.00817495205561,-3.95558804335054
"873","3x Vacc + bivalent BA.4/5 boost","D614G","XBB.1.5",-5.21571172102976,-6.82612114772555,-3.79357345766194
"874","3x Vacc + bivalent BA.4/5 boost","D614G","XBF",-6.1937091173906,-8.27992862737769,-4.68735607603254
"875","3x Vacc + bivalent BA.4/5 boost","BA.1","D614G",2.61190977630466,1.82166599716396,3.42796280615796
"876","3x Vacc + bivalent BA.4/5 boost","BA.1","BA.1",0,-0.162484564371467,0.164180194118764
"877","3x Vacc + bivalent BA.4/5 boost","BA.1","BA.5.3.2",-0.110911547303354,-0.82592828137304,0.555340198109708
"878","3x Vacc + bivalent BA.4/5 boost","BA.1","B.1.1.7",NA,NA,NA
"879","3x Vacc + bivalent BA.4/5 boost","BA.1","B.1.351",2.11756927638819,1.75771175530944,2.46737055814988
"880","3x Vacc + bivalent BA.4/5 boost","BA.1","B.1.617.2",3.04427467880158,2.3884122167323,3.73071693289619
"881","3x Vacc + bivalent BA.4/5 boost","BA.1","BA.2",0.11659822901758,-0.568432860777395,0.780768893843037
"882","3x Vacc + bivalent BA.4/5 boost","BA.1","CB.1",-1.51818879019627,-2.59205243676983,-0.508594129566028
"883","3x Vacc + bivalent BA.4/5 boost","BA.1","BR.3",-2.10357532425095,-2.76195051585583,-1.49595368071814
"884","3x Vacc + bivalent BA.4/5 boost","BA.1","CH.1.1",-3.95793252793279,-5.35939980309605,-3.07234029681155
"885","3x Vacc + bivalent BA.4/5 boost","BA.1","BA.5.2.1",NA,NA,NA
"886","3x Vacc + bivalent BA.4/5 boost","BA.1","BE.1.1",NA,NA,NA
"887","3x Vacc + bivalent BA.4/5 boost","BA.1","BF.7",0.098312504268826,-0.72474380249842,0.889629090071876
"888","3x Vacc + bivalent BA.4/5 boost","BA.1","BQ.1.3",-2.05362385960638,-3.06483087353914,-1.04660295243427
"889","3x Vacc + bivalent BA.4/5 boost","BA.1","BQ.1.1",-4.11131598359868,-5.34614404565561,-3.21007721696447
"890","3x Vacc + bivalent BA.4/5 boost","BA.1","BQ.1.18",-3.81911735043562,-6.40022963283096,-2.09200193426191
"891","3x Vacc + bivalent BA.4/5 boost","BA.1","XBB.1",-2.33152005270099,-3.50317652413496,-1.1575690312332
"892","3x Vacc + bivalent BA.4/5 boost","BA.1","XBB.1.5",-2.62488818884906,-4.21956008230782,-1.31425128899334
"893","3x Vacc + bivalent BA.4/5 boost","BA.1","XBF",-3.60584567766433,-5.47731705730156,-2.2729838384867
"894","3x Vacc + bivalent BA.4/5 boost","BA.5.3.2","D614G",2.7263250964688,1.84491561974294,3.60299207232729
"895","3x Vacc + bivalent BA.4/5 boost","BA.5.3.2","BA.1",0.110911547303354,-0.564660280675956,0.811621098121279
"896","3x Vacc + bivalent BA.4/5 boost","BA.5.3.2","BA.5.3.2",0,-0.181221108020712,0.173369102471396
"897","3x Vacc + bivalent BA.4/5 boost","BA.5.3.2","B.1.1.7",NA,NA,NA
"898","3x Vacc + bivalent BA.4/5 boost","BA.5.3.2","B.1.351",2.23506484000404,1.50250535037596,2.99758109892768
"899","3x Vacc + bivalent BA.4/5 boost","BA.5.3.2","B.1.617.2",3.18996115556746,2.02659058937352,4.35237412998282
"900","3x Vacc + bivalent BA.4/5 boost","BA.5.3.2","BA.2",0.219532531694855,-0.562635403651031,1.02803194879608
"901","3x Vacc + bivalent BA.4/5 boost","BA.5.3.2","CB.1",-1.46521431950715,-2.7981137882626,-0.116554965821389
"902","3x Vacc + bivalent BA.4/5 boost","BA.5.3.2","BR.3",-2.16193963252815,-3.31892645417796,-1.09421376396484
"903","3x Vacc + bivalent BA.4/5 boost","BA.5.3.2","CH.1.1",-4.16499606490303,-5.86844035074224,-2.9301526691429
"904","3x Vacc + bivalent BA.4/5 boost","BA.5.3.2","BA.5.2.1",NA,NA,NA
"905","3x Vacc + bivalent BA.4/5 boost","BA.5.3.2","BE.1.1",NA,NA,NA
"906","3x Vacc + bivalent BA.4/5 boost","BA.5.3.2","BF.7",0.229809219769159,-0.645605802467229,1.02073639843611
"907","3x Vacc + bivalent BA.4/5 boost","BA.5.3.2","BQ.1.3",-2.03706345198993,-3.23362394269309,-0.889880738847603
"908","3x Vacc + bivalent BA.4/5 boost","BA.5.3.2","BQ.1.1",-4.10512923752245,-5.27371128985055,-3.25924413849727
"909","3x Vacc + bivalent BA.4/5 boost","BA.5.3.2","BQ.1.18",-3.80366585173565,-6.3524093960367,-2.00189985439007
"910","3x Vacc + bivalent BA.4/5 boost","BA.5.3.2","XBB.1",-2.29502349792175,-3.66718773293251,-1.04848366057476
"911","3x Vacc + bivalent BA.4/5 boost","BA.5.3.2","XBB.1.5",-2.58750983150098,-4.02701811085368,-1.16932362113648
"912","3x Vacc + bivalent BA.4/5 boost","BA.5.3.2","XBF",-3.50478588933702,-5.03562598093137,-2.43503045990448
"913","3x Vacc + conv. + bivalent BA.4/5 boost","D614G","D614G",0,-0.179082655830844,0.177105059261238
"914","3x Vacc + conv. + bivalent BA.4/5 boost","D614G","BA.1",-1.51250166491652,-2.1517669206259,-0.907264735679841
"915","3x Vacc + conv. + bivalent BA.4/5 boost","D614G","BA.5.3.2",-0.943512849539196,-1.43049759982125,-0.455590090011177
"916","3x Vacc + conv. + bivalent BA.4/5 boost","D614G","B.1.1.7",NA,NA,NA
"917","3x Vacc + conv. + bivalent BA.4/5 boost","D614G","B.1.351",0.0513869687899013,-0.571707137258818,0.693979008162224
"918","3x Vacc + conv. + bivalent BA.4/5 boost","D614G","B.1.617.2",0.0921481212267185,-0.611499733668584,0.836347629037595
"919","3x Vacc + conv. + bivalent BA.4/5 boost","D614G","BA.2",-1.24690338047292,-1.6431269709153,-0.845043321031439
"920","3x Vacc + conv. + bivalent BA.4/5 boost","D614G","CB.1",-3.5836076258321,-4.15601633435262,-3.01208023549802
"921","3x Vacc + conv. + bivalent BA.4/5 boost","D614G","BR.3",-3.92720567652868,-4.62045606718942,-3.18453390895852
"922","3x Vacc + conv. + bivalent BA.4/5 boost","D614G","CH.1.1",-4.58602279465613,-5.62416493512932,-3.58569598515608
"923","3x Vacc + conv. + bivalent BA.4/5 boost","D614G","BA.5.2.1",NA,NA,NA
"924","3x Vacc + conv. + bivalent BA.4/5 boost","D614G","BE.1.1",NA,NA,NA
"925","3x Vacc + conv. + bivalent BA.4/5 boost","D614G","BF.7",-0.964818552835416,-1.65748294760016,-0.286224937115296
"926","3x Vacc + conv. + bivalent BA.4/5 boost","D614G","BQ.1.3",-3.79596094549738,-4.68830700311336,-2.87865640620591
"927","3x Vacc + conv. + bivalent BA.4/5 boost","D614G","BQ.1.1",-4.9911225468735,-5.74045568866266,-4.23619711107736
"928","3x Vacc + conv. + bivalent BA.4/5 boost","D614G","BQ.1.18",-5.01143297487622,-6.18171636846566,-3.84892263545848
"929","3x Vacc + conv. + bivalent BA.4/5 boost","D614G","XBB.1",-4.60910772695033,-5.72746159018673,-3.53025477386508
"930","3x Vacc + conv. + bivalent BA.4/5 boost","D614G","XBB.1.5",-4.12478396062834,-5.0416702678686,-3.20904382499766
"931","3x Vacc + conv. + bivalent BA.4/5 boost","D614G","XBF",-3.68216891544018,-4.41197085017583,-2.98537232320517
"932","3x Vacc + conv. + bivalent BA.4/5 boost","BA.1","D614G",1.51250166491652,0.881335184004372,2.13321267116665
"933","3x Vacc + conv. + bivalent BA.4/5 boost","BA.1","BA.1",0,-0.175551885601449,0.174341573955778
"934","3x Vacc + conv. + bivalent BA.4/5 boost","BA.1","BA.5.3.2",0.568990188765199,-0.101322577914169,1.20602785905718
"935","3x Vacc + conv. + bivalent BA.4/5 boost","BA.1","B.1.1.7",NA,NA,NA
"936","3x Vacc + conv. + bivalent BA.4/5 boost","BA.1","B.1.351",1.56389028236322,1.04916207445369,2.09224633207599
"937","3x Vacc + conv. + bivalent BA.4/5 boost","BA.1","B.1.617.2",1.60465015631177,1.02578389545825,2.2077514643214
"938","3x Vacc + conv. + bivalent BA.4/5 boost","BA.1","BA.2",0.265602523472838,-0.247892722616892,0.802071785695326
"939","3x Vacc + conv. + bivalent BA.4/5 boost","BA.1","CB.1",-2.07110509914238,-2.61532721979719,-1.53055738720614
"940","3x Vacc + conv. + bivalent BA.4/5 boost","BA.1","BR.3",-2.4147053834077,-2.88325473345301,-1.93193842110983
"941","3x Vacc + conv. + bivalent BA.4/5 boost","BA.1","CH.1.1",-3.07405550936162,-3.78973147757674,-2.39771467698951
"942","3x Vacc + conv. + bivalent BA.4/5 boost","BA.1","BA.5.2.1",NA,NA,NA
"943","3x Vacc + conv. + bivalent BA.4/5 boost","BA.1","BE.1.1",NA,NA,NA
"944","3x Vacc + conv. + bivalent BA.4/5 boost","BA.1","BF.7",0.547682536484934,-0.101214225909806,1.17696738681779
"945","3x Vacc + conv. + bivalent BA.4/5 boost","BA.1","BQ.1.3",-2.28346684835846,-3.01746506468836,-1.55752061829619
"946","3x Vacc + conv. + bivalent BA.4/5 boost","BA.1","BQ.1.1",-3.4786198514649,-4.22749123722264,-2.70466120544196
"947","3x Vacc + conv. + bivalent BA.4/5 boost","BA.1","BQ.1.18",-3.49893428300336,-4.70395182780328,-2.2276230036983
"948","3x Vacc + conv. + bivalent BA.4/5 boost","BA.1","XBB.1",-3.08613539363854,-3.99285257371872,-2.16834059820236
"949","3x Vacc + conv. + bivalent BA.4/5 boost","BA.1","XBB.1.5",-2.61228509965271,-3.47972419571334,-1.72966006332012
"950","3x Vacc + conv. + bivalent BA.4/5 boost","BA.1","XBF",-2.1696660102171,-2.73158028258554,-1.59695078553748
"951","3x Vacc + conv. + bivalent BA.4/5 boost","BA.5.3.2","D614G",0.943512849539196,0.44377911622339,1.41442721104601
"952","3x Vacc + conv. + bivalent BA.4/5 boost","BA.5.3.2","BA.1",-0.568990188765199,-1.24037350039369,0.0784799752233661
"953","3x Vacc + conv. + bivalent BA.4/5 boost","BA.5.3.2","BA.5.3.2",0,-0.171055512354662,0.180617848894484
"954","3x Vacc + conv. + bivalent BA.4/5 boost","BA.5.3.2","B.1.1.7",NA,NA,NA
"955","3x Vacc + conv. + bivalent BA.4/5 boost","BA.5.3.2","B.1.351",0.994898402883759,0.401054364176568,1.62948145407203
"956","3x Vacc + conv. + bivalent BA.4/5 boost","BA.5.3.2","B.1.617.2",1.03565907535941,0.365378094114984,1.72676734263466
"957","3x Vacc + conv. + bivalent BA.4/5 boost","BA.5.3.2","BA.2",-0.303388275135781,-0.865495344327851,0.260301803997915
"958","3x Vacc + conv. + bivalent BA.4/5 boost","BA.5.3.2","CB.1",-2.64010097768057,-3.08062546184085,-2.20897199844297
"959","3x Vacc + conv. + bivalent BA.4/5 boost","BA.5.3.2","BR.3",-2.98368795064756,-3.78039574299609,-2.18461270131698
"960","3x Vacc + conv. + bivalent BA.4/5 boost","BA.5.3.2","CH.1.1",-3.62833101449113,-4.57403637634502,-2.68639664814
"961","3x Vacc + conv. + bivalent BA.4/5 boost","BA.5.3.2","BA.5.2.1",NA,NA,NA
"962","3x Vacc + conv. + bivalent BA.4/5 boost","BA.5.3.2","BE.1.1",NA,NA,NA
"963","3x Vacc + conv. + bivalent BA.4/5 boost","BA.5.3.2","BF.7",-0.0213077549348336,-0.547749257872436,0.503602417865127
"964","3x Vacc + conv. + bivalent BA.4/5 boost","BA.5.3.2","BQ.1.3",-2.85245435705577,-3.53580580623303,-2.17595011816772
"965","3x Vacc + conv. + bivalent BA.4/5 boost","BA.5.3.2","BQ.1.1",-4.04760724378111,-4.70028659871477,-3.39317212423107
"966","3x Vacc + conv. + bivalent BA.4/5 boost","BA.5.3.2","BQ.1.18",-4.06792422987706,-5.16903367842212,-3.01183469165848
"967","3x Vacc + conv. + bivalent BA.4/5 boost","BA.5.3.2","XBB.1",-3.67117389364451,-4.59154323509257,-2.77874156581677
"968","3x Vacc + conv. + bivalent BA.4/5 boost","BA.5.3.2","XBB.1.5",-3.18127416306521,-4.09871140331735,-2.26849014170693
"969","3x Vacc + conv. + bivalent BA.4/5 boost","BA.5.3.2","XBF",-2.73865371092858,-3.39367972761322,-2.04973552753579
